audio_path,labels,split,split_group,review_status,start_seconds,end_seconds,source_dataset,source_recording_id,source_url,license,commercial_compatible,reviewer
..\interim\challenge_2026_nonbird_48k\official_1f94b3cc32605bed_5613efebfc72.wav,cryptotympana_atrata,test,official_source_1f94b3cc32605bedff368831788036fc5c60d216015afc92e0f2cc8edc1d8af2,official_reference,,,shengshengbuxi_2026_official,official_1f94b3cc32605bed,organizer-provided challenge package,ORGANIZER_PROVIDED,false,organizer
..\interim\challenge_2026_nonbird_48k\official_c8d3b8095556b168_a528a0f50d73.wav,cryptotympana_atrata,test,official_source_c8d3b8095556b16896fa332385014bfb96ee00eb5ef00d6a5440be0a2093b273,official_reference,,,shengshengbuxi_2026_official,official_c8d3b8095556b168,organizer-provided challenge package,ORGANIZER_PROVIDED,false,organizer
..\interim\challenge_2026_nonbird_48k\official_d78976853a7ec11c_7bb8b44df3b9.wav,fejervarya_multistriata,test,official_source_d78976853a7ec11ce99e2f3c767f42ba1f2dc82edb9ac503f22c451f54c7e1f8,official_reference,,,shengshengbuxi_2026_official,official_d78976853a7ec11c,organizer-provided challenge package,ORGANIZER_PROVIDED,false,organizer
..\interim\challenge_2026_nonbird_48k\official_d9b9bda740f9d865_26828bfe97ea.wav,fejervarya_multistriata,test,official_source_d9b9bda740f9d8650f4c6d78810382ed5b4dcdb89e6db6616ee8b4ef86058488,official_reference,,,shengshengbuxi_2026_official,official_d9b9bda740f9d865,organizer-provided challenge package,ORGANIZER_PROVIDED,false,organizer
..\interim\challenge_2026_nonbird_48k\official_4e527673f47a939c_6fa879099db2.wav,mecopoda_elongata,test,official_source_4e527673f47a939c960ea794b6ed242dda42278694b9229028f4e5f6f6e16724,official_reference,,,shengshengbuxi_2026_official,official_4e527673f47a939c,organizer-provided challenge package,ORGANIZER_PROVIDED,false,organizer
..\interim\challenge_2026_nonbird_48k\official_5714868243a18bb3_0154ed02019d.wav,microhyla_fissipes,test,official_source_5714868243a18bb30c8d6008c296d948f0d0ab8ca1bdd161d4041e4dfe65a6c4,official_reference,,,shengshengbuxi_2026_official,official_5714868243a18bb3,organizer-provided challenge package,ORGANIZER_PROVIDED,false,organizer
..\interim\challenge_2026_nonbird_48k\official_89389480ac7eb2be_f447095d2653.wav,microhyla_fissipes,test,official_source_89389480ac7eb2beab814f7d9864115046ab3a68353d7e3b074f2da74c4301cf,official_reference,,,shengshengbuxi_2026_official,official_89389480ac7eb2be,organizer-provided challenge package,ORGANIZER_PROVIDED,false,organizer
..\interim\challenge_2026_nonbird_48k\official_4f679d930465ee43_2e6f6e3a88ee.wav,nidirana_mangveni,test,official_source_4f679d930465ee430cc702bce3327a341682a8fcf8e983ad967c62d85727a25f,official_reference,,,shengshengbuxi_2026_official,official_4f679d930465ee43,organizer-provided challenge package,ORGANIZER_PROVIDED,false,organizer
..\interim\challenge_2026_nonbird_48k\official_604bc7b44a698a9d_55f92cf49c52.wav,pelophylax_nigromaculatus,test,official_source_604bc7b44a698a9de12ba712a9b1508fbd1b0880191b05bbb9cb102e050a4baf,official_reference,,,shengshengbuxi_2026_official,official_604bc7b44a698a9d,organizer-provided challenge package,ORGANIZER_PROVIDED,false,organizer
..\interim\challenge_2026_nonbird_48k\official_8b7e9b159e64e296_311d05ce3f12.wav,pelophylax_nigromaculatus,test,official_source_8b7e9b159e64e296181b7bf86ecc21015ff0a09475a1c914732babed8504519f,official_reference,,,shengshengbuxi_2026_official,official_8b7e9b159e64e296,organizer-provided challenge package,ORGANIZER_PROVIDED,false,organizer
..\interim\challenge_2026_nonbird_48k\official_c07c8364965a92fa_c25e8932d0a6.wav,streeyola_mongolica,test,official_source_c07c8364965a92fa50a5f493f459d5fe1890159f451cba87a02920119bd6d8e3,official_reference,,,shengshengbuxi_2026_official,official_c07c8364965a92fa,organizer-provided challenge package,ORGANIZER_PROVIDED,false,organizer
..\interim\challenge_2026_nonbird_48k\official_c3e1bfdde208a12b_13299cd94929.wav,streeyola_mongolica,test,official_source_c3e1bfdde208a12b94fbce6f7325bf584a3e0632039a018808a295bf7cb07e96,official_reference,,,shengshengbuxi_2026_official,official_c3e1bfdde208a12b,organizer-provided challenge package,ORGANIZER_PROVIDED,false,organizer
..\interim\challenge_2026_nonbird_48k\official_4aaae1f7b1bb4226_d140a0e7930a.wav,teleogryllus_emma,test,official_source_4aaae1f7b1bb422686f7dab02934753e6b5bf55104cfed9b7a96b0fc864c5454,official_reference,,,shengshengbuxi_2026_official,official_4aaae1f7b1bb4226,organizer-provided challenge package,ORGANIZER_PROVIDED,false,organizer
..\interim\challenge_2026_nonbird_48k\official_40a74aa318159b39_2af03c082dda.wav,velarifictorus_micado,test,official_source_40a74aa318159b39d9f1b9054d7f6593e47e6c51670621c6b63262132facf4f8,official_reference,,,shengshengbuxi_2026_official,official_40a74aa318159b39,organizer-provided challenge package,ORGANIZER_PROVIDED,false,organizer
..\interim\challenge_2026_nonbird_48k\inat_298122186_1569296_87c1b10e3b4a.wav,cryptotympana_atrata,validation,inaturalist_observation_298122186,source_curated,,,inaturalist,inat_298122186_1569296,https://www.inaturalist.org/observations/298122186,CC0,true,
..\interim\challenge_2026_nonbird_48k\inat_299438587_1575197_d4cf673bfbc5.wav,cryptotympana_atrata,train,inaturalist_observation_299438587,source_curated,,,inaturalist,inat_299438587_1575197,https://www.inaturalist.org/observations/299438587,CC-BY-NC,false,
..\interim\challenge_2026_nonbird_48k\inat_299438587_1575198_de3127570240.wav,cryptotympana_atrata,train,inaturalist_observation_299438587,source_curated,,,inaturalist,inat_299438587_1575198,https://www.inaturalist.org/observations/299438587,CC-BY-NC,false,
..\interim\challenge_2026_nonbird_48k\inat_299781975_1576615_9e1eb74bdad2.wav,cryptotympana_atrata,test,inaturalist_observation_299781975,source_curated,,,inaturalist,inat_299781975_1576615,https://www.inaturalist.org/observations/299781975,CC-BY-NC,false,
..\interim\challenge_2026_nonbird_48k\inat_301197600_1582376_b4bb8ad2510e.wav,cryptotympana_atrata,validation,inaturalist_observation_301197600,source_curated,,,inaturalist,inat_301197600_1582376,https://www.inaturalist.org/observations/301197600,CC-BY-NC,false,
..\interim\challenge_2026_nonbird_48k\inat_302789000_1589079_e947348045b8.wav,cryptotympana_atrata,train,inaturalist_observation_302789000,source_curated,,,inaturalist,inat_302789000_1589079,https://www.inaturalist.org/observations/302789000,CC-BY-NC,false,
..\interim\challenge_2026_nonbird_48k\inat_303360341_1591683_e8efb0cd30ca.wav,cryptotympana_atrata,train,inaturalist_observation_303360341,source_curated,,,inaturalist,inat_303360341_1591683,https://www.inaturalist.org/observations/303360341,CC-BY-NC,false,
..\interim\challenge_2026_nonbird_48k\inat_304445501_1596320_a14f2107dc9c.wav,cryptotympana_atrata,train,inaturalist_observation_304445501,source_curated,,,inaturalist,inat_304445501_1596320,https://www.inaturalist.org/observations/304445501,CC-BY-NC,false,
..\interim\challenge_2026_nonbird_48k\inat_308757922_1614597_b8f407f4bc56.wav,cryptotympana_atrata,train,inaturalist_observation_308757922,source_curated,,,inaturalist,inat_308757922_1614597,https://www.inaturalist.org/observations/308757922,CC-BY-NC,false,
..\interim\challenge_2026_nonbird_48k\inat_373822324_2034025_2d7b4c170f99.wav,cryptotympana_atrata,train,inaturalist_observation_373822324,source_curated,,,inaturalist,inat_373822324_2034025,https://www.inaturalist.org/observations/373822324,CC-BY-NC,false,
..\interim\challenge_2026_nonbird_48k\inat_376082090_2046617_47f71649694a.wav,cryptotympana_atrata,train,inaturalist_observation_376082090,source_curated,,,inaturalist,inat_376082090_2046617,https://www.inaturalist.org/observations/376082090,CC-BY-NC,false,
..\interim\challenge_2026_nonbird_48k\inat_382216635_2075662_37dd68ae6613.wav,cryptotympana_atrata,train,inaturalist_observation_382216635,source_curated,,,inaturalist,inat_382216635_2075662,https://www.inaturalist.org/observations/382216635,CC-BY-NC,false,
..\interim\challenge_2026_nonbird_48k\inat_120498508_463174_d0323f4186dd.wav,fejervarya_multistriata,validation,inaturalist_observation_120498508,source_curated,,,inaturalist,inat_120498508_463174,https://www.inaturalist.org/observations/120498508,CC-BY-NC,false,
..\interim\challenge_2026_nonbird_48k\inat_123221874_480820_0c39a931d758.wav,fejervarya_multistriata,train,inaturalist_observation_123221874,source_curated,,,inaturalist,inat_123221874_480820,https://www.inaturalist.org/observations/123221874,CC-BY-NC,false,
..\interim\challenge_2026_nonbird_48k\inat_123222060_480822_f7cbcabb4616.wav,fejervarya_multistriata,train,inaturalist_observation_123222060,source_curated,,,inaturalist,inat_123222060_480822,https://www.inaturalist.org/observations/123222060,CC-BY-NC,false,
..\interim\challenge_2026_nonbird_48k\inat_166115456_729434_91d1a15458f2.wav,fejervarya_multistriata,train,inaturalist_observation_166115456,source_curated,,,inaturalist,inat_166115456_729434,https://www.inaturalist.org/observations/166115456,CC-BY-NC,false,
..\interim\challenge_2026_nonbird_48k\inat_166407253_731575_3aed814043ea.wav,fejervarya_multistriata,train,inaturalist_observation_166407253,source_curated,,,inaturalist,inat_166407253_731575,https://www.inaturalist.org/observations/166407253,CC-BY-NC,false,
..\interim\challenge_2026_nonbird_48k\inat_189653132_839911_0661e4abecd4.wav,fejervarya_multistriata,test,inaturalist_observation_189653132,source_curated,,,inaturalist,inat_189653132_839911,https://www.inaturalist.org/observations/189653132,CC-BY-NC,false,
..\interim\challenge_2026_nonbird_48k\inat_240743641_1197181_dd5f94336ea2.wav,fejervarya_multistriata,train,inaturalist_observation_240743641,source_curated,,,inaturalist,inat_240743641_1197181,https://www.inaturalist.org/observations/240743641,CC-BY-NC,false,
..\interim\challenge_2026_nonbird_48k\inat_295485199_1556307_161a273733f3.wav,fejervarya_multistriata,train,inaturalist_observation_295485199,source_curated,,,inaturalist,inat_295485199_1556307,https://www.inaturalist.org/observations/295485199,CC-BY-NC,false,
..\interim\challenge_2026_nonbird_48k\inat_352278758_1877049_567921ad3f93.wav,fejervarya_multistriata,train,inaturalist_observation_352278758,source_curated,,,inaturalist,inat_352278758_1877049,https://www.inaturalist.org/observations/352278758,CC-BY-NC,false,
..\interim\challenge_2026_nonbird_48k\inat_364735599_1975889_5d6be3b766e1.wav,fejervarya_multistriata,train,inaturalist_observation_364735599,source_curated,,,inaturalist,inat_364735599_1975889,https://www.inaturalist.org/observations/364735599,CC-BY,true,
..\interim\challenge_2026_nonbird_48k\inat_172788918_768395_d022d6329a50.wav,mecopoda_elongata,train,inaturalist_observation_172788918,source_curated,,,inaturalist,inat_172788918_768395,https://www.inaturalist.org/observations/172788918,CC-BY-NC,false,
..\interim\challenge_2026_nonbird_48k\inat_62378513_146017_8092ba7939b8.wav,mecopoda_elongata,validation,inaturalist_observation_62378513,source_curated,,,inaturalist,inat_62378513_146017,https://www.inaturalist.org/observations/62378513,CC-BY-NC,false,
..\interim\challenge_2026_nonbird_48k\inat_273510901_1400687_0444edc3eabe.wav,microhyla_fissipes,train,inaturalist_observation_273510901,source_curated,,,inaturalist,inat_273510901_1400687,https://www.inaturalist.org/observations/273510901,CC-BY-NC,false,
..\interim\challenge_2026_nonbird_48k\inat_280214687_1454867_ace437be0eba.wav,microhyla_fissipes,train,inaturalist_observation_280214687,source_curated,,,inaturalist,inat_280214687_1454867,https://www.inaturalist.org/observations/280214687,CC-BY-NC,false,
..\interim\challenge_2026_nonbird_48k\inat_282348150_1472023_490bfbe02f22.wav,microhyla_fissipes,train,inaturalist_observation_282348150,source_curated,,,inaturalist,inat_282348150_1472023,https://www.inaturalist.org/observations/282348150,CC-BY-NC,false,
..\interim\challenge_2026_nonbird_48k\inat_282364032_1472192_25138cea5c19.wav,microhyla_fissipes,train,inaturalist_observation_282364032,source_curated,,,inaturalist,inat_282364032_1472192,https://www.inaturalist.org/observations/282364032,CC-BY-NC,false,
..\interim\challenge_2026_nonbird_48k\inat_287774734_1511647_ccc8b8729e65.wav,microhyla_fissipes,test,inaturalist_observation_287774734,source_curated,,,inaturalist,inat_287774734_1511647,https://www.inaturalist.org/observations/287774734,CC-BY-NC,false,
..\interim\challenge_2026_nonbird_48k\inat_292043900_1538046_8a5fc0f9d616.wav,microhyla_fissipes,test,inaturalist_observation_292043900,source_curated,,,inaturalist,inat_292043900_1538046,https://www.inaturalist.org/observations/292043900,CC-BY-NC,false,
..\interim\challenge_2026_nonbird_48k\inat_294070067_1548646_ec1b6566078d.wav,microhyla_fissipes,test,inaturalist_observation_294070067,source_curated,,,inaturalist,inat_294070067_1548646,https://www.inaturalist.org/observations/294070067,CC-BY-NC,false,
..\interim\challenge_2026_nonbird_48k\inat_294082761_1548720_5f047880ec62.wav,microhyla_fissipes,train,inaturalist_observation_294082761,source_curated,,,inaturalist,inat_294082761_1548720,https://www.inaturalist.org/observations/294082761,CC-BY-NC,false,
..\interim\challenge_2026_nonbird_48k\inat_306160762_1603629_c213100c07c6.wav,microhyla_fissipes,test,inaturalist_observation_306160762,source_curated,,,inaturalist,inat_306160762_1603629,https://www.inaturalist.org/observations/306160762,CC-BY-NC,false,
..\interim\challenge_2026_nonbird_48k\inat_307959565_1611149_1e30ee562cdb.wav,microhyla_fissipes,train,inaturalist_observation_307959565,source_curated,,,inaturalist,inat_307959565_1611149,https://www.inaturalist.org/observations/307959565,CC-BY-NC,false,
..\interim\challenge_2026_nonbird_48k\inat_318596681_1657228_cc1134757897.wav,microhyla_fissipes,validation,inaturalist_observation_318596681,source_curated,,,inaturalist,inat_318596681_1657228,https://www.inaturalist.org/observations/318596681,CC-BY-NC,false,
..\interim\challenge_2026_nonbird_48k\inat_354280290_1894119_26058ed73234.wav,microhyla_fissipes,train,inaturalist_observation_354280290,source_curated,,,inaturalist,inat_354280290_1894119,https://www.inaturalist.org/observations/354280290,CC-BY-NC,false,
..\interim\challenge_2026_nonbird_48k\inat_381053637_2070654_4019ac7c166c.wav,nidirana_mangveni,train,inaturalist_observation_381053637,source_curated,,,inaturalist,inat_381053637_2070654,https://www.inaturalist.org/observations/381053637,CC-BY-NC,false,
..\interim\challenge_2026_nonbird_48k\inat_381053908_2070655_de72ef3afc2d.wav,nidirana_mangveni,train,inaturalist_observation_381053908,source_curated,,,inaturalist,inat_381053908_2070655,https://www.inaturalist.org/observations/381053908,CC-BY-NC,false,
..\interim\challenge_2026_nonbird_48k\inat_381054123_2070657_1d059d7f3266.wav,nidirana_mangveni,train,inaturalist_observation_381054123,source_curated,,,inaturalist,inat_381054123_2070657,https://www.inaturalist.org/observations/381054123,CC-BY-NC,false,
..\interim\challenge_2026_nonbird_48k\inat_96244553_309706_d99e3c6cb782.wav,nidirana_mangveni,validation,inaturalist_observation_96244553,source_curated,,,inaturalist,inat_96244553_309706,https://www.inaturalist.org/observations/96244553,CC-BY-NC,false,
..\interim\challenge_2026_nonbird_48k\inat_376847863_2050502_251404fb7045.wav,other_frog,train,inaturalist_observation_376847863,source_curated,,,inaturalist,inat_376847863_2050502,https://www.inaturalist.org/observations/376847863,CC0,true,
..\interim\challenge_2026_nonbird_48k\inat_376848663_2050509_edb8b2a1de49.wav,other_frog,train,inaturalist_observation_376848663,source_curated,,,inaturalist,inat_376848663_2050509,https://www.inaturalist.org/observations/376848663,CC0,true,
..\interim\challenge_2026_nonbird_48k\inat_377168154_2055709_c4c4c8c6e067.wav,other_frog,train,inaturalist_observation_377168154,source_curated,,,inaturalist,inat_377168154_2055709,https://www.inaturalist.org/observations/377168154,CC-BY-NC,false,
..\interim\challenge_2026_nonbird_48k\inat_377806290_2055090_52bc06679153.wav,other_frog,test,inaturalist_observation_377806290,source_curated,,,inaturalist,inat_377806290_2055090,https://www.inaturalist.org/observations/377806290,CC0,true,
..\interim\challenge_2026_nonbird_48k\inat_377806425_2055093_9ad3dd4cc283.wav,other_frog,train,inaturalist_observation_377806425,source_curated,,,inaturalist,inat_377806425_2055093,https://www.inaturalist.org/observations/377806425,CC0,true,
..\interim\challenge_2026_nonbird_48k\inat_377806808_2055094_d553fa024f86.wav,other_frog,train,inaturalist_observation_377806808,source_curated,,,inaturalist,inat_377806808_2055094,https://www.inaturalist.org/observations/377806808,CC0,true,
..\interim\challenge_2026_nonbird_48k\inat_377807746_2055103_998dd886bf1e.wav,other_frog,validation,inaturalist_observation_377807746,source_curated,,,inaturalist,inat_377807746_2055103,https://www.inaturalist.org/observations/377807746,CC0,true,
..\interim\challenge_2026_nonbird_48k\inat_377808765_2055111_b12eeb14b529.wav,other_frog,train,inaturalist_observation_377808765,source_curated,,,inaturalist,inat_377808765_2055111,https://www.inaturalist.org/observations/377808765,CC0,true,
..\interim\challenge_2026_nonbird_48k\inat_381404485_2072097_0e8ba96d9e3d.wav,other_frog,train,inaturalist_observation_381404485,source_curated,,,inaturalist,inat_381404485_2072097,https://www.inaturalist.org/observations/381404485,CC-BY-NC,false,
..\interim\challenge_2026_nonbird_48k\inat_384180199_2084101_98e1e7a1ef15.wav,other_frog,train,inaturalist_observation_384180199,source_curated,,,inaturalist,inat_384180199_2084101,https://www.inaturalist.org/observations/384180199,CC-BY-NC,false,
..\interim\challenge_2026_nonbird_48k\inat_384883736_2087230_01b701ea6527.wav,other_frog,train,inaturalist_observation_384883736,source_curated,,,inaturalist,inat_384883736_2087230,https://www.inaturalist.org/observations/384883736,CC-BY-NC,false,
..\interim\challenge_2026_nonbird_48k\inat_387193321_2098198_d5866771ddf8.wav,other_frog,train,inaturalist_observation_387193321,source_curated,,,inaturalist,inat_387193321_2098198,https://www.inaturalist.org/observations/387193321,CC-BY-NC,false,
..\interim\challenge_2026_nonbird_48k\inat_356776422_1914276_f594d8f7d52a.wav,other_insect,train,inaturalist_observation_356776422,source_curated,,,inaturalist,inat_356776422_1914276,https://www.inaturalist.org/observations/356776422,CC0,true,
..\interim\challenge_2026_nonbird_48k\inat_359823009_1937708_94e8d1a11e83.wav,other_insect,train,inaturalist_observation_359823009,source_curated,,,inaturalist,inat_359823009_1937708,https://www.inaturalist.org/observations/359823009,CC-BY-NC,false,
..\interim\challenge_2026_nonbird_48k\inat_364298640_1972550_9354d2ad0840.wav,other_insect,train,inaturalist_observation_364298640,source_curated,,,inaturalist,inat_364298640_1972550,https://www.inaturalist.org/observations/364298640,CC-BY-NC,false,
..\interim\challenge_2026_nonbird_48k\inat_366295727_1987217_5c23ee11d0fc.wav,other_insect,train,inaturalist_observation_366295727,source_curated,,,inaturalist,inat_366295727_1987217,https://www.inaturalist.org/observations/366295727,CC-BY-NC,false,
..\interim\challenge_2026_nonbird_48k\inat_370587276_2020550_f9cf0ecf5e07.wav,other_insect,validation,inaturalist_observation_370587276,source_curated,,,inaturalist,inat_370587276_2020550,https://www.inaturalist.org/observations/370587276,CC-BY-NC,false,
..\interim\challenge_2026_nonbird_48k\inat_371543738_2021118_365081786662.wav,other_insect,train,inaturalist_observation_371543738,source_curated,,,inaturalist,inat_371543738_2021118,https://www.inaturalist.org/observations/371543738,CC-BY-NC,false,
..\interim\challenge_2026_nonbird_48k\inat_373074671_2029754_53a5b7b600fe.wav,other_insect,test,inaturalist_observation_373074671,source_curated,,,inaturalist,inat_373074671_2029754,https://www.inaturalist.org/observations/373074671,CC-BY-NC,false,
..\interim\challenge_2026_nonbird_48k\inat_374305921_2036864_a9d7c43abc3a.wav,other_insect,train,inaturalist_observation_374305921,source_curated,,,inaturalist,inat_374305921_2036864,https://www.inaturalist.org/observations/374305921,CC-BY-NC,false,
..\interim\challenge_2026_nonbird_48k\inat_374306413_2036867_5b732303ff78.wav,other_insect,train,inaturalist_observation_374306413,source_curated,,,inaturalist,inat_374306413_2036867,https://www.inaturalist.org/observations/374306413,CC-BY-NC,false,
..\interim\challenge_2026_nonbird_48k\inat_374306413_2036868_2eacbfcd926d.wav,other_insect,train,inaturalist_observation_374306413,source_curated,,,inaturalist,inat_374306413_2036868,https://www.inaturalist.org/observations/374306413,CC-BY-NC,false,
..\interim\challenge_2026_nonbird_48k\inat_374306413_2036869_d92d3cdf8440.wav,other_insect,train,inaturalist_observation_374306413,source_curated,,,inaturalist,inat_374306413_2036869,https://www.inaturalist.org/observations/374306413,CC-BY-NC,false,
..\interim\challenge_2026_nonbird_48k\inat_387152113_2097986_86031ef5b8c3.wav,other_insect,train,inaturalist_observation_387152113,source_curated,,,inaturalist,inat_387152113_2097986,https://www.inaturalist.org/observations/387152113,CC-BY-NC,false,
..\interim\challenge_2026_nonbird_48k\inat_293799187_1547275_54698de93579.wav,pelophylax_nigromaculatus,train,inaturalist_observation_293799187,source_curated,,,inaturalist,inat_293799187_1547275,https://www.inaturalist.org/observations/293799187,CC-BY-NC,false,
..\interim\challenge_2026_nonbird_48k\inat_294050715_1548520_2d7098d45ac9.wav,pelophylax_nigromaculatus,validation,inaturalist_observation_294050715,source_curated,,,inaturalist,inat_294050715_1548520,https://www.inaturalist.org/observations/294050715,CC-BY-NC,false,
..\interim\challenge_2026_nonbird_48k\inat_294053605_1548546_c21b4dd39fe9.wav,pelophylax_nigromaculatus,train,inaturalist_observation_294053605,source_curated,,,inaturalist,inat_294053605_1548546,https://www.inaturalist.org/observations/294053605,CC-BY-NC,false,
..\interim\challenge_2026_nonbird_48k\inat_294053989_1548554_b741934ce57f.wav,pelophylax_nigromaculatus,train,inaturalist_observation_294053989,source_curated,,,inaturalist,inat_294053989_1548554,https://www.inaturalist.org/observations/294053989,CC-BY-NC,false,
..\interim\challenge_2026_nonbird_48k\inat_294057220_1548579_9993d25d0208.wav,pelophylax_nigromaculatus,train,inaturalist_observation_294057220,source_curated,,,inaturalist,inat_294057220_1548579,https://www.inaturalist.org/observations/294057220,CC-BY-NC,false,
..\interim\challenge_2026_nonbird_48k\inat_294060476_1548598_26ba3cfb8953.wav,pelophylax_nigromaculatus,train,inaturalist_observation_294060476,source_curated,,,inaturalist,inat_294060476_1548598,https://www.inaturalist.org/observations/294060476,CC-BY-NC,false,
..\interim\challenge_2026_nonbird_48k\inat_294069048_1548644_357e297bec7e.wav,pelophylax_nigromaculatus,train,inaturalist_observation_294069048,source_curated,,,inaturalist,inat_294069048_1548644,https://www.inaturalist.org/observations/294069048,CC-BY-NC,false,
..\interim\challenge_2026_nonbird_48k\inat_294081652_1548711_ace112ca6f3f.wav,pelophylax_nigromaculatus,train,inaturalist_observation_294081652,source_curated,,,inaturalist,inat_294081652_1548711,https://www.inaturalist.org/observations/294081652,CC-BY-NC,false,
..\interim\challenge_2026_nonbird_48k\inat_348907269_1852169_42f085e400ae.wav,pelophylax_nigromaculatus,train,inaturalist_observation_348907269,source_curated,,,inaturalist,inat_348907269_1852169,https://www.inaturalist.org/observations/348907269,CC-BY-NC,false,
..\interim\challenge_2026_nonbird_48k\inat_361816763_1952904_775836e38e62.wav,pelophylax_nigromaculatus,train,inaturalist_observation_361816763,source_curated,,,inaturalist,inat_361816763_1952904,https://www.inaturalist.org/observations/361816763,CC-BY-NC,false,
..\interim\challenge_2026_nonbird_48k\inat_366293035_1987199_412ba2512882.wav,pelophylax_nigromaculatus,test,inaturalist_observation_366293035,source_curated,,,inaturalist,inat_366293035_1987199,https://www.inaturalist.org/observations/366293035,CC-BY-NC,false,
..\interim\challenge_2026_nonbird_48k\inat_374578731_2038685_2b5df00bd851.wav,pelophylax_nigromaculatus,test,inaturalist_observation_374578731,source_curated,,,inaturalist,inat_374578731_2038685,https://www.inaturalist.org/observations/374578731,CC-BY-NC,false,
..\interim\challenge_2026_nonbird_48k\inat_310165088_1619787_d86c088aef8c.wav,streeyola_mongolica,train,inaturalist_observation_310165088,source_curated,,,inaturalist,inat_310165088_1619787,https://www.inaturalist.org/observations/310165088,CC-BY-NC,false,
..\interim\challenge_2026_nonbird_48k\inat_371545156_2021146_1e19063f4fd4.wav,streeyola_mongolica,test,inaturalist_observation_371545156,source_curated,,,inaturalist,inat_371545156_2021146,https://www.inaturalist.org/observations/371545156,CC-BY-NC,false,
..\interim\challenge_2026_nonbird_48k\inat_373449727_2032033_581ac166d356.wav,streeyola_mongolica,test,inaturalist_observation_373449727,source_curated,,,inaturalist,inat_373449727_2032033,https://www.inaturalist.org/observations/373449727,CC-BY-NC,false,
..\interim\challenge_2026_nonbird_48k\inat_373518696_2032455_bc24cfbae4ff.wav,streeyola_mongolica,validation,inaturalist_observation_373518696,source_curated,,,inaturalist,inat_373518696_2032455,https://www.inaturalist.org/observations/373518696,CC-BY-NC,false,
..\interim\challenge_2026_nonbird_48k\inat_376549696_2055733_ed8853b96561.wav,streeyola_mongolica,test,inaturalist_observation_376549696,source_curated,,,inaturalist,inat_376549696_2055733,https://www.inaturalist.org/observations/376549696,CC-BY-NC,false,
..\interim\challenge_2026_nonbird_48k\inat_376549696_2055734_7ea53e7b702c.wav,streeyola_mongolica,test,inaturalist_observation_376549696,source_curated,,,inaturalist,inat_376549696_2055734,https://www.inaturalist.org/observations/376549696,CC-BY-NC,false,
..\interim\challenge_2026_nonbird_48k\inat_378283108_2057370_b71082d842e2.wav,streeyola_mongolica,train,inaturalist_observation_378283108,source_curated,,,inaturalist,inat_378283108_2057370,https://www.inaturalist.org/observations/378283108,CC-BY-NC,false,
..\interim\challenge_2026_nonbird_48k\inat_382833767_2078279_31a49b1954f6.wav,streeyola_mongolica,train,inaturalist_observation_382833767,source_curated,,,inaturalist,inat_382833767_2078279,https://www.inaturalist.org/observations/382833767,CC-BY-NC,false,
..\interim\challenge_2026_nonbird_48k\inat_382956714_2078800_1853503d84aa.wav,streeyola_mongolica,train,inaturalist_observation_382956714,source_curated,,,inaturalist,inat_382956714_2078800,https://www.inaturalist.org/observations/382956714,CC-BY-NC,false,
..\interim\challenge_2026_nonbird_48k\inat_384538432_2085611_7c742a65fb10.wav,streeyola_mongolica,test,inaturalist_observation_384538432,source_curated,,,inaturalist,inat_384538432_2085611,https://www.inaturalist.org/observations/384538432,CC-BY-NC,false,
..\interim\challenge_2026_nonbird_48k\inat_384813970_2086847_53480cecdd72.wav,streeyola_mongolica,test,inaturalist_observation_384813970,source_curated,,,inaturalist,inat_384813970_2086847,https://www.inaturalist.org/observations/384813970,CC-BY-NC,false,
..\interim\challenge_2026_nonbird_48k\inat_385925730_2092124_21c1a22f8461.wav,streeyola_mongolica,train,inaturalist_observation_385925730,source_curated,,,inaturalist,inat_385925730_2092124,https://www.inaturalist.org/observations/385925730,CC-BY-NC,false,
..\interim\challenge_2026_nonbird_48k\inat_135125357_536156_d3726b97ed28.wav,teleogryllus_emma,train,inaturalist_observation_135125357,source_curated,,,inaturalist,inat_135125357_536156,https://www.inaturalist.org/observations/135125357,CC-BY-NC,false,
..\interim\challenge_2026_nonbird_48k\inat_178532883_793185_a1bdc5d58e36.wav,teleogryllus_emma,train,inaturalist_observation_178532883,source_curated,,,inaturalist,inat_178532883_793185,https://www.inaturalist.org/observations/178532883,CC-BY-NC,false,
..\interim\challenge_2026_nonbird_48k\inat_238578047_1188245_b3847179d02f.wav,teleogryllus_emma,train,inaturalist_observation_238578047,source_curated,,,inaturalist,inat_238578047_1188245,https://www.inaturalist.org/observations/238578047,CC-BY-NC,false,
..\interim\challenge_2026_nonbird_48k\inat_238606579_1188421_3251f8bcc42c.wav,teleogryllus_emma,train,inaturalist_observation_238606579,source_curated,,,inaturalist,inat_238606579_1188421,https://www.inaturalist.org/observations/238606579,CC-BY-NC,false,
..\interim\challenge_2026_nonbird_48k\inat_243287419_1208037_45fdbdb3f232.wav,teleogryllus_emma,validation,inaturalist_observation_243287419,source_curated,,,inaturalist,inat_243287419_1208037,https://www.inaturalist.org/observations/243287419,CC-BY-NC,false,
..\interim\challenge_2026_nonbird_48k\inat_245021737_1219190_21ae328c4fea.wav,teleogryllus_emma,train,inaturalist_observation_245021737,source_curated,,,inaturalist,inat_245021737_1219190,https://www.inaturalist.org/observations/245021737,CC-BY-NC,false,
..\interim\challenge_2026_nonbird_48k\inat_246484122_1225524_80cd5a65e4a0.wav,teleogryllus_emma,train,inaturalist_observation_246484122,source_curated,,,inaturalist,inat_246484122_1225524,https://www.inaturalist.org/observations/246484122,CC-BY-NC,false,
..\interim\challenge_2026_nonbird_48k\inat_247570119_1230546_6368e2c381f7.wav,teleogryllus_emma,train,inaturalist_observation_247570119,source_curated,,,inaturalist,inat_247570119_1230546,https://www.inaturalist.org/observations/247570119,CC-BY-NC,false,
..\interim\challenge_2026_nonbird_48k\inat_298405977_1570659_9eae6dedb2ae.wav,teleogryllus_emma,train,inaturalist_observation_298405977,source_curated,,,inaturalist,inat_298405977_1570659,https://www.inaturalist.org/observations/298405977,CC-BY-NC,false,
..\interim\challenge_2026_nonbird_48k\inat_305760891_1601857_97fcae4daab0.wav,teleogryllus_emma,test,inaturalist_observation_305760891,source_curated,,,inaturalist,inat_305760891_1601857,https://www.inaturalist.org/observations/305760891,CC-BY-NC,false,
..\interim\challenge_2026_nonbird_48k\inat_305994748_1603032_be22a4c1a3dd.wav,teleogryllus_emma,train,inaturalist_observation_305994748,source_curated,,,inaturalist,inat_305994748_1603032,https://www.inaturalist.org/observations/305994748,CC-BY-NC,false,
..\interim\challenge_2026_nonbird_48k\inat_132739716_528004_bbb5c3ba78b5.wav,velarifictorus_micado,validation,inaturalist_observation_132739716,source_curated,,,inaturalist,inat_132739716_528004,https://www.inaturalist.org/observations/132739716,CC-BY-NC,false,
..\interim\challenge_2026_nonbird_48k\inat_132739716_528023_126c90f260cb.wav,velarifictorus_micado,validation,inaturalist_observation_132739716,source_curated,,,inaturalist,inat_132739716_528023,https://www.inaturalist.org/observations/132739716,CC-BY-NC,false,
..\interim\challenge_2026_nonbird_48k\inat_136913740_542674_9cea28faa7a6.wav,velarifictorus_micado,test,inaturalist_observation_136913740,source_curated,,,inaturalist,inat_136913740_542674,https://www.inaturalist.org/observations/136913740,CC-BY-NC,false,
..\interim\challenge_2026_nonbird_48k\inat_244301471_1213219_ce62b1090557.wav,velarifictorus_micado,validation,inaturalist_observation_244301471,source_curated,,,inaturalist,inat_244301471_1213219,https://www.inaturalist.org/observations/244301471,CC-BY-NC,false,
..\interim\challenge_2026_nonbird_48k\inat_305506042_1600937_9784acc8284f.wav,velarifictorus_micado,train,inaturalist_observation_305506042,source_curated,,,inaturalist,inat_305506042_1600937,https://www.inaturalist.org/observations/305506042,CC-BY-NC,false,
..\interim\challenge_2026_nonbird_48k\inat_306486951_1605225_a772baeb34d8.wav,velarifictorus_micado,train,inaturalist_observation_306486951,source_curated,,,inaturalist,inat_306486951_1605225,https://www.inaturalist.org/observations/306486951,CC-BY-NC,false,
..\interim\challenge_2026_nonbird_48k\inat_306975649_1607400_1d00d1115957.wav,velarifictorus_micado,train,inaturalist_observation_306975649,source_curated,,,inaturalist,inat_306975649_1607400,https://www.inaturalist.org/observations/306975649,CC-BY-NC,false,
..\interim\challenge_2026_nonbird_48k\inat_308164822_1612000_4dda11098c26.wav,velarifictorus_micado,train,inaturalist_observation_308164822,source_curated,,,inaturalist,inat_308164822_1612000,https://www.inaturalist.org/observations/308164822,CC-BY-NC,false,
..\interim\challenge_2026_nonbird_48k\inat_308164822_1612001_f8f032770443.wav,velarifictorus_micado,train,inaturalist_observation_308164822,source_curated,,,inaturalist,inat_308164822_1612001,https://www.inaturalist.org/observations/308164822,CC-BY-NC,false,
..\interim\challenge_2026_nonbird_48k\inat_312112155_1628099_4d826bc52d44.wav,velarifictorus_micado,train,inaturalist_observation_312112155,source_curated,,,inaturalist,inat_312112155_1628099,https://www.inaturalist.org/observations/312112155,CC-BY-NC,false,
..\interim\challenge_2026_nonbird_48k\inat_314966425_1641285_447d61f382e4.wav,velarifictorus_micado,train,inaturalist_observation_314966425,source_curated,,,inaturalist,inat_314966425_1641285,https://www.inaturalist.org/observations/314966425,CC-BY-NC,false,
..\interim\challenge_2026_nonbird_48k\inat_315569630_1643899_e339cec312b8.wav,velarifictorus_micado,train,inaturalist_observation_315569630,source_curated,,,inaturalist,inat_315569630_1643899,https://www.inaturalist.org/observations/315569630,CC-BY-NC,false,
D:\C\Desktop\ai\xykw\data\interim\nonbird_source_curated_48k\inat_125124891_493119_f19663ad5e0e.wav,cryptotympana_atrata,test,inaturalist_observation_125124891,source_curated,,,inaturalist,inat_125124891_493119,https://www.inaturalist.org/observations/125124891,CC-BY,true,
D:\C\Desktop\ai\xykw\data\interim\nonbird_source_curated_48k\inat_125411421_494783_f0e2657af64d.wav,cryptotympana_atrata,train,inaturalist_observation_125411421,source_curated,,,inaturalist,inat_125411421_494783,https://www.inaturalist.org/observations/125411421,CC-BY-NC,false,
D:\C\Desktop\ai\xykw\data\interim\nonbird_source_curated_48k\inat_125422399_494859_50c8de7dd9a1.wav,cryptotympana_atrata,test,inaturalist_observation_125422399,source_curated,,,inaturalist,inat_125422399_494859,https://www.inaturalist.org/observations/125422399,CC-BY,true,
D:\C\Desktop\ai\xykw\data\interim\nonbird_source_curated_48k\inat_129100791_512664_5418379aa6b8.wav,cryptotympana_atrata,train,inaturalist_observation_129100791,source_curated,,,inaturalist,inat_129100791_512664,https://www.inaturalist.org/observations/129100791,CC-BY-NC,false,
D:\C\Desktop\ai\xykw\data\interim\nonbird_source_curated_48k\inat_129695694_515646_d5bfafa32c3a.wav,cryptotympana_atrata,train,inaturalist_observation_129695694,source_curated,,,inaturalist,inat_129695694_515646,https://www.inaturalist.org/observations/129695694,CC-BY-NC,false,
D:\C\Desktop\ai\xykw\data\interim\nonbird_source_curated_48k\inat_130187476_517676_93520c844232.wav,cryptotympana_atrata,train,inaturalist_observation_130187476,source_curated,,,inaturalist,inat_130187476_517676,https://www.inaturalist.org/observations/130187476,CC-BY-NC,false,
D:\C\Desktop\ai\xykw\data\interim\nonbird_source_curated_48k\inat_167790243_741066_5131ea400343.wav,cryptotympana_atrata,train,inaturalist_observation_167790243,source_curated,,,inaturalist,inat_167790243_741066,https://www.inaturalist.org/observations/167790243,CC-BY-NC,false,
D:\C\Desktop\ai\xykw\data\interim\nonbird_source_curated_48k\inat_171495557_761938_acb070580eca.wav,cryptotympana_atrata,train,inaturalist_observation_171495557,source_curated,,,inaturalist,inat_171495557_761938,https://www.inaturalist.org/observations/171495557,CC-BY-NC,false,
D:\C\Desktop\ai\xykw\data\interim\nonbird_source_curated_48k\inat_172095252_765004_d33109511557.wav,cryptotympana_atrata,train,inaturalist_observation_172095252,source_curated,,,inaturalist,inat_172095252_765004,https://www.inaturalist.org/observations/172095252,CC-BY-NC,false,
D:\C\Desktop\ai\xykw\data\interim\nonbird_source_curated_48k\inat_227014234_1119922_d887d7819216.wav,cryptotympana_atrata,train,inaturalist_observation_227014234,source_curated,,,inaturalist,inat_227014234_1119922,https://www.inaturalist.org/observations/227014234,CC-BY-NC,false,
D:\C\Desktop\ai\xykw\data\interim\nonbird_source_curated_48k\inat_227967833_1125073_72355e40ace0.wav,cryptotympana_atrata,train,inaturalist_observation_227967833,source_curated,,,inaturalist,inat_227967833_1125073,https://www.inaturalist.org/observations/227967833,CC-BY-NC,false,
D:\C\Desktop\ai\xykw\data\interim\nonbird_source_curated_48k\inat_233653703_1152174_92cdcfe07dad.wav,cryptotympana_atrata,train,inaturalist_observation_233653703,source_curated,,,inaturalist,inat_233653703_1152174,https://www.inaturalist.org/observations/233653703,CC-BY,true,
D:\C\Desktop\ai\xykw\data\interim\nonbird_source_curated_48k\inat_233653708_1152175_8df90777b4a5.wav,cryptotympana_atrata,train,inaturalist_observation_233653708,source_curated,,,inaturalist,inat_233653708_1152175,https://www.inaturalist.org/observations/233653708,CC-BY,true,
D:\C\Desktop\ai\xykw\data\interim\nonbird_source_curated_48k\inat_233662896_1152192_4e5b93b7b028.wav,cryptotympana_atrata,validation,inaturalist_observation_233662896,source_curated,,,inaturalist,inat_233662896_1152192,https://www.inaturalist.org/observations/233662896,CC-BY,true,
D:\C\Desktop\ai\xykw\data\interim\nonbird_source_curated_48k\inat_233662917_1152193_cba0e4998b9a.wav,cryptotympana_atrata,train,inaturalist_observation_233662917,source_curated,,,inaturalist,inat_233662917_1152193,https://www.inaturalist.org/observations/233662917,CC-BY,true,
D:\C\Desktop\ai\xykw\data\interim\nonbird_source_curated_48k\inat_233675188_1152229_07a7e9ef7566.wav,cryptotympana_atrata,train,inaturalist_observation_233675188,source_curated,,,inaturalist,inat_233675188_1152229,https://www.inaturalist.org/observations/233675188,CC-BY,true,
D:\C\Desktop\ai\xykw\data\interim\nonbird_source_curated_48k\inat_234309439_1155158_6e005d73bb24.wav,cryptotympana_atrata,train,inaturalist_observation_234309439,source_curated,,,inaturalist,inat_234309439_1155158,https://www.inaturalist.org/observations/234309439,CC-BY,true,
D:\C\Desktop\ai\xykw\data\interim\nonbird_source_curated_48k\inat_234487934_1155882_add25038ffa5.wav,cryptotympana_atrata,train,inaturalist_observation_234487934,source_curated,,,inaturalist,inat_234487934_1155882,https://www.inaturalist.org/observations/234487934,CC-BY,true,
D:\C\Desktop\ai\xykw\data\interim\nonbird_source_curated_48k\inat_264042988_1324167_406cc75a1902.wav,cryptotympana_atrata,train,inaturalist_observation_264042988,source_curated,,,inaturalist,inat_264042988_1324167,https://www.inaturalist.org/observations/264042988,CC-BY-NC,false,
D:\C\Desktop\ai\xykw\data\interim\nonbird_source_curated_48k\inat_293034995_1543363_dd9504629cee.wav,cryptotympana_atrata,train,inaturalist_observation_293034995,source_curated,,,inaturalist,inat_293034995_1543363,https://www.inaturalist.org/observations/293034995,CC-BY,true,
D:\C\Desktop\ai\xykw\data\interim\nonbird_source_curated_48k\inat_293599889_1546276_a0bb1b2ef33d.wav,cryptotympana_atrata,train,inaturalist_observation_293599889,source_curated,,,inaturalist,inat_293599889_1546276,https://www.inaturalist.org/observations/293599889,CC-BY-NC,false,
D:\C\Desktop\ai\xykw\data\interim\nonbird_source_curated_48k\inat_293979362_1548105_3916faa75e8d.wav,cryptotympana_atrata,train,inaturalist_observation_293979362,source_curated,,,inaturalist,inat_293979362_1548105,https://www.inaturalist.org/observations/293979362,CC-BY-NC,false,
D:\C\Desktop\ai\xykw\data\interim\nonbird_source_curated_48k\inat_294201423_1549329_02904da400b1.wav,cryptotympana_atrata,test,inaturalist_observation_294201423,source_curated,,,inaturalist,inat_294201423_1549329,https://www.inaturalist.org/observations/294201423,CC-BY-NC,false,
D:\C\Desktop\ai\xykw\data\interim\nonbird_source_curated_48k\inat_294415312_1550516_eaddb79533df.wav,cryptotympana_atrata,train,inaturalist_observation_294415312,source_curated,,,inaturalist,inat_294415312_1550516,https://www.inaturalist.org/observations/294415312,CC-BY-NC,false,
D:\C\Desktop\ai\xykw\data\interim\nonbird_source_curated_48k\inat_295646575_1557128_28953c4d74bc.wav,cryptotympana_atrata,train,inaturalist_observation_295646575,source_curated,,,inaturalist,inat_295646575_1557128,https://www.inaturalist.org/observations/295646575,CC-BY-NC,false,
D:\C\Desktop\ai\xykw\data\interim\nonbird_source_curated_48k\inat_296266380_1560332_408fe8fbc5ef.wav,cryptotympana_atrata,train,inaturalist_observation_296266380,source_curated,,,inaturalist,inat_296266380_1560332,https://www.inaturalist.org/observations/296266380,CC-BY,true,
D:\C\Desktop\ai\xykw\data\interim\nonbird_source_curated_48k\inat_296704238_1564397_21ddda769ded.wav,cryptotympana_atrata,train,inaturalist_observation_296704238,source_curated,,,inaturalist,inat_296704238_1564397,https://www.inaturalist.org/observations/296704238,CC-BY-NC,false,
D:\C\Desktop\ai\xykw\data\interim\nonbird_source_curated_48k\inat_297239231_1565301_4ba095c32f45.wav,cryptotympana_atrata,validation,inaturalist_observation_297239231,source_curated,,,inaturalist,inat_297239231_1565301,https://www.inaturalist.org/observations/297239231,CC-BY-NC,false,
D:\C\Desktop\ai\xykw\data\interim\nonbird_source_curated_48k\inat_297460327_1566380_cf495a227437.wav,cryptotympana_atrata,train,inaturalist_observation_297460327,source_curated,,,inaturalist,inat_297460327_1566380,https://www.inaturalist.org/observations/297460327,CC-BY-NC,false,
D:\C\Desktop\ai\xykw\data\interim\nonbird_source_curated_48k\inat_55757290_128469_025f49e1dec7.wav,cryptotympana_atrata,validation,inaturalist_observation_55757290,source_curated,,,inaturalist,inat_55757290_128469,https://www.inaturalist.org/observations/55757290,CC-BY-NC,false,
D:\C\Desktop\ai\xykw\data\interim\nonbird_source_curated_48k\inat_89177332_284352_71ae2598e764.wav,cryptotympana_atrata,test,inaturalist_observation_89177332,source_curated,,,inaturalist,inat_89177332_284352,https://www.inaturalist.org/observations/89177332,CC-BY,true,
D:\C\Desktop\ai\xykw\data\interim\nonbird_source_curated_48k\inat_293753279_1547074_1a6b73856daf.wav,pelophylax_nigromaculatus,validation,inaturalist_observation_293753279,source_curated,,,inaturalist,inat_293753279_1547074,https://www.inaturalist.org/observations/293753279,CC-BY-NC,false,
D:\C\Desktop\ai\xykw\data\interim\nonbird_source_curated_48k\inat_293756089_1547082_71345c144f50.wav,other_frog,train,inaturalist_observation_293756089,source_curated,,,inaturalist,inat_293756089_1547082,https://www.inaturalist.org/observations/293756089,CC-BY-NC,false,
D:\C\Desktop\ai\xykw\data\interim\nonbird_source_curated_48k\inat_293758940_1547101_c8959d745dde.wav,pelophylax_nigromaculatus,train,inaturalist_observation_293758940,source_curated,,,inaturalist,inat_293758940_1547101,https://www.inaturalist.org/observations/293758940,CC-BY-NC,false,
D:\C\Desktop\ai\xykw\data\interim\nonbird_source_curated_48k\inat_293766509_1547136_5bf72e6432c0.wav,other_frog,train,inaturalist_observation_293766509,source_curated,,,inaturalist,inat_293766509_1547136,https://www.inaturalist.org/observations/293766509,CC-BY-NC,false,
D:\C\Desktop\ai\xykw\data\interim\nonbird_source_curated_48k\inat_293767463_1547139_9197085f2415.wav,other_frog,train,inaturalist_observation_293767463,source_curated,,,inaturalist,inat_293767463_1547139,https://www.inaturalist.org/observations/293767463,CC0,true,
D:\C\Desktop\ai\xykw\data\interim\nonbird_source_curated_48k\inat_293772250_1547154_990ce09af9c6.wav,pelophylax_nigromaculatus,train,inaturalist_observation_293772250,source_curated,,,inaturalist,inat_293772250_1547154,https://www.inaturalist.org/observations/293772250,CC-BY-NC,false,
D:\C\Desktop\ai\xykw\data\interim\nonbird_source_curated_48k\inat_293796069_1547258_01216f617757.wav,pelophylax_nigromaculatus,validation,inaturalist_observation_293796069,source_curated,,,inaturalist,inat_293796069_1547258,https://www.inaturalist.org/observations/293796069,CC-BY-NC,false,
D:\C\Desktop\ai\xykw\data\interim\nonbird_source_curated_48k\inat_293799187_1547276_4835bca36711.wav,pelophylax_nigromaculatus,train,inaturalist_observation_293799187,source_curated,,,inaturalist,inat_293799187_1547276,https://www.inaturalist.org/observations/293799187,CC-BY-NC,false,
D:\C\Desktop\ai\xykw\data\interim\nonbird_source_curated_48k\inat_293803493_1547293_15a80c383505.wav,other_frog,train,inaturalist_observation_293803493,source_curated,,,inaturalist,inat_293803493_1547293,https://www.inaturalist.org/observations/293803493,CC-BY-NC,false,
D:\C\Desktop\ai\xykw\data\interim\nonbird_source_curated_48k\inat_294046319_1548479_48174e79788a.wav,other_frog,test,inaturalist_observation_294046319,source_curated,,,inaturalist,inat_294046319_1548479,https://www.inaturalist.org/observations/294046319,CC-BY-NC,false,
D:\C\Desktop\ai\xykw\data\interim\nonbird_source_curated_48k\inat_294050679_1548518_17e5ce1d0535.wav,other_frog,train,inaturalist_observation_294050679,source_curated,,,inaturalist,inat_294050679_1548518,https://www.inaturalist.org/observations/294050679,CC-BY-NC,false,
D:\C\Desktop\ai\xykw\data\interim\nonbird_source_curated_48k\inat_294067244_1548627_9c5a4c8f2847.wav,other_frog,test,inaturalist_observation_294067244,source_curated,,,inaturalist,inat_294067244_1548627,https://www.inaturalist.org/observations/294067244,CC-BY-NC,false,
D:\C\Desktop\ai\xykw\data\interim\nonbird_source_curated_48k\inat_294067936_1548636_5e3459ec989d.wav,other_frog,test,inaturalist_observation_294067936,source_curated,,,inaturalist,inat_294067936_1548636,https://www.inaturalist.org/observations/294067936,CC-BY-NC,false,
D:\C\Desktop\ai\xykw\data\interim\nonbird_source_curated_48k\inat_295044783_1554006_8945e5bc5cf8.wav,other_frog,train,inaturalist_observation_295044783,source_curated,,,inaturalist,inat_295044783_1554006,https://www.inaturalist.org/observations/295044783,CC-BY-NC,false,
D:\C\Desktop\ai\xykw\data\interim\nonbird_source_curated_48k\inat_299838178_1576832_6fc770162c4c.wav,other_frog,train,inaturalist_observation_299838178,source_curated,,,inaturalist,inat_299838178_1576832,https://www.inaturalist.org/observations/299838178,CC0,true,
D:\C\Desktop\ai\xykw\data\interim\nonbird_source_curated_48k\inat_300433433_1579099_746a184c45f1.wav,other_frog,train,inaturalist_observation_300433433,source_curated,,,inaturalist,inat_300433433_1579099,https://www.inaturalist.org/observations/300433433,CC-BY-NC,false,
D:\C\Desktop\ai\xykw\data\interim\nonbird_source_curated_48k\inat_300433433_1579100_6bc875de4211.wav,other_frog,train,inaturalist_observation_300433433,source_curated,,,inaturalist,inat_300433433_1579100,https://www.inaturalist.org/observations/300433433,CC-BY-NC,false,
D:\C\Desktop\ai\xykw\data\interim\nonbird_source_curated_48k\inat_301494311_1583656_0e9be5897c46.wav,other_frog,test,inaturalist_observation_301494311,source_curated,,,inaturalist,inat_301494311_1583656,https://www.inaturalist.org/observations/301494311,CC-BY-NC,false,
D:\C\Desktop\ai\xykw\data\interim\nonbird_source_curated_48k\inat_302067542_1586050_14cd3b2f65c2.wav,other_frog,test,inaturalist_observation_302067542,source_curated,,,inaturalist,inat_302067542_1586050,https://www.inaturalist.org/observations/302067542,CC-BY-NC,false,
D:\C\Desktop\ai\xykw\data\interim\nonbird_source_curated_48k\inat_302067542_1586052_d1f4fa2fef0b.wav,other_frog,test,inaturalist_observation_302067542,source_curated,,,inaturalist,inat_302067542_1586052,https://www.inaturalist.org/observations/302067542,CC-BY-NC,false,
D:\C\Desktop\ai\xykw\data\interim\nonbird_source_curated_48k\inat_307514671_1609329_cf100873545a.wav,other_frog,train,inaturalist_observation_307514671,source_curated,,,inaturalist,inat_307514671_1609329,https://www.inaturalist.org/observations/307514671,CC-BY-NC,false,
D:\C\Desktop\ai\xykw\data\interim\nonbird_source_curated_48k\inat_310174667_1619827_7611721cbfb1.wav,other_frog,train,inaturalist_observation_310174667,source_curated,,,inaturalist,inat_310174667_1619827,https://www.inaturalist.org/observations/310174667,CC-BY-NC,false,
D:\C\Desktop\ai\xykw\data\interim\nonbird_source_curated_48k\inat_316967455_1650124_3909d0536c5f.wav,other_frog,train,inaturalist_observation_316967455,source_curated,,,inaturalist,inat_316967455_1650124,https://www.inaturalist.org/observations/316967455,CC-BY-NC,false,
D:\C\Desktop\ai\xykw\data\interim\nonbird_source_curated_48k\inat_320344909_1665295_77aebb4afc4d.wav,other_frog,train,inaturalist_observation_320344909,source_curated,,,inaturalist,inat_320344909_1665295,https://www.inaturalist.org/observations/320344909,CC-BY-NC,false,
D:\C\Desktop\ai\xykw\data\interim\nonbird_source_curated_48k\inat_320808450_1667320_60547b6ab56b.wav,other_frog,train,inaturalist_observation_320808450,source_curated,,,inaturalist,inat_320808450_1667320,https://www.inaturalist.org/observations/320808450,CC-BY-NC,false,
D:\C\Desktop\ai\xykw\data\interim\nonbird_source_curated_48k\inat_320808452_1667318_9d96bd00ac89.wav,other_frog,train,inaturalist_observation_320808452,source_curated,,,inaturalist,inat_320808452_1667318,https://www.inaturalist.org/observations/320808452,CC-BY-NC,false,
D:\C\Desktop\ai\xykw\data\interim\nonbird_source_curated_48k\inat_320808453_1667321_ddba9cca0d87.wav,other_frog,validation,inaturalist_observation_320808453,source_curated,,,inaturalist,inat_320808453_1667321,https://www.inaturalist.org/observations/320808453,CC-BY-NC,false,
D:\C\Desktop\ai\xykw\data\interim\nonbird_source_curated_48k\inat_338451251_1765834_46638f8d09e5.wav,other_frog,test,inaturalist_observation_338451251,source_curated,,,inaturalist,inat_338451251_1765834,https://www.inaturalist.org/observations/338451251,CC-BY-NC,false,
D:\C\Desktop\ai\xykw\data\interim\nonbird_source_curated_48k\inat_343639451_1811631_fe2da528e382.wav,other_frog,train,inaturalist_observation_343639451,source_curated,,,inaturalist,inat_343639451_1811631,https://www.inaturalist.org/observations/343639451,CC-BY-NC,false,
D:\C\Desktop\ai\xykw\data\interim\nonbird_source_curated_48k\inat_345046410_1822139_2acf1d3d729c.wav,other_frog,train,inaturalist_observation_345046410,source_curated,,,inaturalist,inat_345046410_1822139,https://www.inaturalist.org/observations/345046410,CC-BY-NC,false,
D:\C\Desktop\ai\xykw\data\interim\nonbird_source_curated_48k\inat_345680279_1827174_83fb074f465f.wav,other_frog,validation,inaturalist_observation_345680279,source_curated,,,inaturalist,inat_345680279_1827174,https://www.inaturalist.org/observations/345680279,CC-BY-NC,false,
D:\C\Desktop\ai\xykw\data\interim\nonbird_source_curated_48k\inat_348930278_1852343_74934521ae5c.wav,other_frog,train,inaturalist_observation_348930278,source_curated,,,inaturalist,inat_348930278_1852343,https://www.inaturalist.org/observations/348930278,CC-BY-NC,false,
D:\C\Desktop\ai\xykw\data\interim\nonbird_source_curated_48k\inat_350001370_1860756_89f5ebef4636.wav,other_frog,validation,inaturalist_observation_350001370,source_curated,,,inaturalist,inat_350001370_1860756,https://www.inaturalist.org/observations/350001370,CC-BY-NC,false,
D:\C\Desktop\ai\xykw\data\interim\nonbird_source_curated_48k\inat_354352200_1894920_b32144a51c76.wav,other_frog,train,inaturalist_observation_354352200,source_curated,,,inaturalist,inat_354352200_1894920,https://www.inaturalist.org/observations/354352200,CC-BY-NC,false,
D:\C\Desktop\ai\xykw\data\interim\nonbird_source_curated_48k\inat_355379817_1902975_b13b436079ea.wav,other_frog,test,inaturalist_observation_355379817,source_curated,,,inaturalist,inat_355379817_1902975,https://www.inaturalist.org/observations/355379817,CC-BY-NC,false,
D:\C\Desktop\ai\xykw\data\interim\nonbird_source_curated_48k\inat_359810231_1937578_91f58cd1c34e.wav,other_frog,train,inaturalist_observation_359810231,source_curated,,,inaturalist,inat_359810231_1937578,https://www.inaturalist.org/observations/359810231,CC-BY-NC,false,
D:\C\Desktop\ai\xykw\data\interim\nonbird_source_curated_48k\inat_359810313_1937580_538c81eac827.wav,other_frog,test,inaturalist_observation_359810313,source_curated,,,inaturalist,inat_359810313_1937580,https://www.inaturalist.org/observations/359810313,CC-BY-NC,false,
D:\C\Desktop\ai\xykw\data\interim\nonbird_source_curated_48k\inat_359810962_1937583_41f27bf6c286.wav,other_frog,train,inaturalist_observation_359810962,source_curated,,,inaturalist,inat_359810962_1937583,https://www.inaturalist.org/observations/359810962,CC-BY-NC,false,
D:\C\Desktop\ai\xykw\data\interim\nonbird_source_curated_48k\inat_359839854_1938129_97f9e53d7a96.wav,other_frog,validation,inaturalist_observation_359839854,source_curated,,,inaturalist,inat_359839854_1938129,https://www.inaturalist.org/observations/359839854,CC-BY-NC,false,
D:\C\Desktop\ai\xykw\data\interim\nonbird_source_curated_48k\inat_359839854_1938131_7577b7e6b375.wav,other_frog,validation,inaturalist_observation_359839854,source_curated,,,inaturalist,inat_359839854_1938131,https://www.inaturalist.org/observations/359839854,CC-BY-NC,false,
D:\C\Desktop\ai\xykw\data\interim\nonbird_source_curated_48k\inat_361063061_1947276_6b5c395fe9f1.wav,other_frog,train,inaturalist_observation_361063061,source_curated,,,inaturalist,inat_361063061_1947276,https://www.inaturalist.org/observations/361063061,CC-BY-NC,false,
D:\C\Desktop\ai\xykw\data\interim\nonbird_source_curated_48k\inat_361816424_1952899_ce936ac0e867.wav,other_frog,train,inaturalist_observation_361816424,source_curated,,,inaturalist,inat_361816424_1952899,https://www.inaturalist.org/observations/361816424,CC-BY-NC,false,
D:\C\Desktop\ai\xykw\data\interim\nonbird_source_curated_48k\inat_361816451_1952900_c222cd361835.wav,other_frog,train,inaturalist_observation_361816451,source_curated,,,inaturalist,inat_361816451_1952900,https://www.inaturalist.org/observations/361816451,CC-BY-NC,false,
D:\C\Desktop\ai\xykw\data\interim\nonbird_source_curated_48k\inat_362990006_1962198_a1fadabeef74.wav,other_frog,train,inaturalist_observation_362990006,source_curated,,,inaturalist,inat_362990006_1962198,https://www.inaturalist.org/observations/362990006,CC-BY-NC,false,
D:\C\Desktop\ai\xykw\data\interim\nonbird_source_curated_48k\inat_363015706_1962444_13d40e836a9c.wav,other_frog,train,inaturalist_observation_363015706,source_curated,,,inaturalist,inat_363015706_1962444,https://www.inaturalist.org/observations/363015706,CC-BY-NC,false,
D:\C\Desktop\ai\xykw\data\interim\nonbird_source_curated_48k\inat_363618827_1967458_ee4b3fd7ec73.wav,other_frog,train,inaturalist_observation_363618827,source_curated,,,inaturalist,inat_363618827_1967458,https://www.inaturalist.org/observations/363618827,CC-BY-NC,false,
D:\C\Desktop\ai\xykw\data\interim\nonbird_source_curated_48k\inat_363669532_1967761_33e258ac2924.wav,other_frog,test,inaturalist_observation_363669532,source_curated,,,inaturalist,inat_363669532_1967761,https://www.inaturalist.org/observations/363669532,CC-BY-NC,false,
D:\C\Desktop\ai\xykw\data\interim\nonbird_source_curated_48k\inat_363973143_1969890_1ce3c98af346.wav,other_frog,validation,inaturalist_observation_363973143,source_curated,,,inaturalist,inat_363973143_1969890,https://www.inaturalist.org/observations/363973143,CC-BY-NC,false,
D:\C\Desktop\ai\xykw\data\interim\nonbird_source_curated_48k\inat_364687390_1975632_45a25cba8559.wav,other_frog,train,inaturalist_observation_364687390,source_curated,,,inaturalist,inat_364687390_1975632,https://www.inaturalist.org/observations/364687390,CC-BY-NC,false,
D:\C\Desktop\ai\xykw\data\interim\nonbird_source_curated_48k\inat_364938763_1977231_902425bbd590.wav,other_frog,train,inaturalist_observation_364938763,source_curated,,,inaturalist,inat_364938763_1977231,https://www.inaturalist.org/observations/364938763,CC-BY-NC,false,
D:\C\Desktop\ai\xykw\data\interim\nonbird_source_curated_48k\inat_365083216_1978340_6ba7a746f4b7.wav,other_frog,test,inaturalist_observation_365083216,source_curated,,,inaturalist,inat_365083216_1978340,https://www.inaturalist.org/observations/365083216,CC-BY-NC,false,
D:\C\Desktop\ai\xykw\data\interim\nonbird_source_curated_48k\inat_366692157_1990216_51aa5b28bcbb.wav,other_frog,test,inaturalist_observation_366692157,source_curated,,,inaturalist,inat_366692157_1990216,https://www.inaturalist.org/observations/366692157,CC0,true,
D:\C\Desktop\ai\xykw\data\interim\nonbird_source_curated_48k\inat_367353171_1994787_4afdcb5e7cd6.wav,other_frog,validation,inaturalist_observation_367353171,source_curated,,,inaturalist,inat_367353171_1994787,https://www.inaturalist.org/observations/367353171,CC-BY-NC-SA,false,
D:\C\Desktop\ai\xykw\data\interim\nonbird_source_curated_48k\inat_368021126_1999156_a9aa525838a3.wav,other_frog,train,inaturalist_observation_368021126,source_curated,,,inaturalist,inat_368021126_1999156,https://www.inaturalist.org/observations/368021126,CC-BY-NC,false,
D:\C\Desktop\ai\xykw\data\interim\nonbird_source_curated_48k\inat_368023197_1999161_6bee405aacc2.wav,other_frog,test,inaturalist_observation_368023197,source_curated,,,inaturalist,inat_368023197_1999161,https://www.inaturalist.org/observations/368023197,CC-BY-NC,false,
D:\C\Desktop\ai\xykw\data\interim\nonbird_source_curated_48k\inat_368355910_2001449_a72160aa4633.wav,other_frog,train,inaturalist_observation_368355910,source_curated,,,inaturalist,inat_368355910_2001449,https://www.inaturalist.org/observations/368355910,CC-BY-NC,false,
D:\C\Desktop\ai\xykw\data\interim\nonbird_source_curated_48k\inat_370049226_2012058_d02e5e8938fb.wav,other_frog,test,inaturalist_observation_370049226,source_curated,,,inaturalist,inat_370049226_2012058,https://www.inaturalist.org/observations/370049226,CC-BY-NC,false,
D:\C\Desktop\ai\xykw\data\interim\nonbird_source_curated_48k\inat_370767391_2016478_ef9bfe008f78.wav,other_frog,train,inaturalist_observation_370767391,source_curated,,,inaturalist,inat_370767391_2016478,https://www.inaturalist.org/observations/370767391,CC-BY-NC,false,
D:\C\Desktop\ai\xykw\data\interim\nonbird_source_curated_48k\inat_371897839_2023072_114527b36621.wav,other_frog,train,inaturalist_observation_371897839,source_curated,,,inaturalist,inat_371897839_2023072,https://www.inaturalist.org/observations/371897839,CC-BY-NC,false,
D:\C\Desktop\ai\xykw\data\interim\nonbird_source_curated_48k\inat_373107523_2029875_573fc203e9f7.wav,other_frog,train,inaturalist_observation_373107523,source_curated,,,inaturalist,inat_373107523_2029875,https://www.inaturalist.org/observations/373107523,CC-BY-NC,false,
D:\C\Desktop\ai\xykw\data\interim\nonbird_source_curated_48k\inat_373244865_2030823_7427b8963f72.wav,other_frog,train,inaturalist_observation_373244865,source_curated,,,inaturalist,inat_373244865_2030823,https://www.inaturalist.org/observations/373244865,CC-BY-NC,false,
D:\C\Desktop\ai\xykw\data\interim\nonbird_source_curated_48k\inat_374578565_2038670_e1652aa0419d.wav,other_frog,train,inaturalist_observation_374578565,source_curated,,,inaturalist,inat_374578565_2038670,https://www.inaturalist.org/observations/374578565,CC-BY-NC,false,
D:\C\Desktop\ai\xykw\data\interim\nonbird_source_curated_48k\inat_376543293_2048795_3e8f6b0d2c9c.wav,other_frog,train,inaturalist_observation_376543293,source_curated,,,inaturalist,inat_376543293_2048795,https://www.inaturalist.org/observations/376543293,CC-BY-NC-SA,false,
D:\C\Desktop\ai\xykw\data\interim\nonbird_source_curated_48k\inat_376569400_2048903_a4b3ca69085e.wav,other_frog,train,inaturalist_observation_376569400,source_curated,,,inaturalist,inat_376569400_2048903,https://www.inaturalist.org/observations/376569400,CC0,true,
D:\C\Desktop\ai\xykw\data\interim\nonbird_source_curated_48k\inat_376569565_2048904_065f63e2d171.wav,other_frog,train,inaturalist_observation_376569565,source_curated,,,inaturalist,inat_376569565_2048904,https://www.inaturalist.org/observations/376569565,CC0,true,
D:\C\Desktop\ai\xykw\data\interim\nonbird_source_curated_48k\inat_358244557_1926093_958b4863d130.wav,other_insect,train,inaturalist_observation_358244557,source_curated,,,inaturalist,inat_358244557_1926093,https://www.inaturalist.org/observations/358244557,CC-BY-NC,false,
D:\C\Desktop\ai\xykw\data\interim\nonbird_source_curated_48k\inat_359803013_1937517_8541f61d20df.wav,other_insect,train,inaturalist_observation_359803013,source_curated,,,inaturalist,inat_359803013_1937517,https://www.inaturalist.org/observations/359803013,CC-BY-NC,false,
D:\C\Desktop\ai\xykw\data\interim\nonbird_source_curated_48k\inat_359803013_1937518_a55c60663d0b.wav,other_insect,train,inaturalist_observation_359803013,source_curated,,,inaturalist,inat_359803013_1937518,https://www.inaturalist.org/observations/359803013,CC-BY-NC,false,
D:\C\Desktop\ai\xykw\data\interim\nonbird_source_curated_48k\inat_359805824_1937524_9571374d0cbc.wav,other_insect,train,inaturalist_observation_359805824,source_curated,,,inaturalist,inat_359805824_1937524,https://www.inaturalist.org/observations/359805824,CC-BY-NC,false,
D:\C\Desktop\ai\xykw\data\interim\nonbird_source_curated_48k\inat_359808464_1937559_1e7c5f00a57a.wav,other_insect,test,inaturalist_observation_359808464,source_curated,,,inaturalist,inat_359808464_1937559,https://www.inaturalist.org/observations/359808464,CC-BY-NC,false,
D:\C\Desktop\ai\xykw\data\interim\nonbird_source_curated_48k\inat_359808495_1937560_c3c10c8e72b4.wav,other_insect,train,inaturalist_observation_359808495,source_curated,,,inaturalist,inat_359808495_1937560,https://www.inaturalist.org/observations/359808495,CC-BY-NC,false,
D:\C\Desktop\ai\xykw\data\interim\nonbird_source_curated_48k\inat_361892464_1953404_5c02b4a4aa37.wav,other_insect,test,inaturalist_observation_361892464,source_curated,,,inaturalist,inat_361892464_1953404,https://www.inaturalist.org/observations/361892464,CC-BY-NC,false,
D:\C\Desktop\ai\xykw\data\interim\nonbird_source_curated_48k\inat_361899482_1953438_b67d3ca98be2.wav,other_insect,train,inaturalist_observation_361899482,source_curated,,,inaturalist,inat_361899482_1953438,https://www.inaturalist.org/observations/361899482,CC-BY-NC,false,
D:\C\Desktop\ai\xykw\data\interim\nonbird_source_curated_48k\inat_361900781_1953447_3d67a4be7282.wav,other_insect,train,inaturalist_observation_361900781,source_curated,,,inaturalist,inat_361900781_1953447,https://www.inaturalist.org/observations/361900781,CC-BY-NC,false,
D:\C\Desktop\ai\xykw\data\interim\nonbird_source_curated_48k\inat_364194499_1971731_992b3c73b177.wav,other_insect,train,inaturalist_observation_364194499,source_curated,,,inaturalist,inat_364194499_1971731,https://www.inaturalist.org/observations/364194499,CC-BY-NC,false,
D:\C\Desktop\ai\xykw\data\interim\nonbird_source_curated_48k\inat_367615098_1996387_c7624a8a978d.wav,other_insect,train,inaturalist_observation_367615098,source_curated,,,inaturalist,inat_367615098_1996387,https://www.inaturalist.org/observations/367615098,CC-BY-NC,false,
D:\C\Desktop\ai\xykw\data\interim\nonbird_source_curated_48k\inat_368862830_2004558_f8ae4eb57653.wav,other_insect,validation,inaturalist_observation_368862830,source_curated,,,inaturalist,inat_368862830_2004558,https://www.inaturalist.org/observations/368862830,CC-BY-NC,false,
D:\C\Desktop\ai\xykw\data\interim\nonbird_source_curated_48k\inat_368884067_2004703_59ab115b39f3.wav,other_insect,train,inaturalist_observation_368884067,source_curated,,,inaturalist,inat_368884067_2004703,https://www.inaturalist.org/observations/368884067,CC-BY-NC,false,
D:\C\Desktop\ai\xykw\data\interim\nonbird_source_curated_48k\inat_369251160_2007395_5d5b96e8f6ee.wav,other_insect,train,inaturalist_observation_369251160,source_curated,,,inaturalist,inat_369251160_2007395,https://www.inaturalist.org/observations/369251160,CC-BY-NC,false,
D:\C\Desktop\ai\xykw\data\interim\nonbird_source_curated_48k\inat_370828326_2017528_ab9fb44a3cee.wav,other_insect,test,inaturalist_observation_370828326,source_curated,,,inaturalist,inat_370828326_2017528,https://www.inaturalist.org/observations/370828326,CC-BY-NC,false,
D:\C\Desktop\ai\xykw\data\interim\nonbird_source_curated_48k\inat_371517794_2020988_6603d779e4e9.wav,other_insect,validation,inaturalist_observation_371517794,source_curated,,,inaturalist,inat_371517794_2020988,https://www.inaturalist.org/observations/371517794,CC-BY-NC,false,
D:\C\Desktop\ai\xykw\data\interim\nonbird_source_curated_48k\inat_371878923_2022995_93c6160e9168.wav,other_insect,train,inaturalist_observation_371878923,source_curated,,,inaturalist,inat_371878923_2022995,https://www.inaturalist.org/observations/371878923,CC-BY-NC,false,
D:\C\Desktop\ai\xykw\data\interim\nonbird_source_curated_48k\inat_371915948_2023194_e39746423d5e.wav,other_insect,test,inaturalist_observation_371915948,source_curated,,,inaturalist,inat_371915948_2023194,https://www.inaturalist.org/observations/371915948,CC-BY-NC,false,
D:\C\Desktop\ai\xykw\data\interim\nonbird_source_curated_48k\inat_372950407_2029010_793842a79711.wav,other_insect,test,inaturalist_observation_372950407,source_curated,,,inaturalist,inat_372950407_2029010,https://www.inaturalist.org/observations/372950407,CC-BY-NC,false,
D:\C\Desktop\ai\xykw\data\interim\nonbird_source_curated_48k\inat_372950419_2029031_1b9dc6a046d2.wav,other_insect,train,inaturalist_observation_372950419,source_curated,,,inaturalist,inat_372950419_2029031,https://www.inaturalist.org/observations/372950419,CC-BY-NC,false,
D:\C\Desktop\ai\xykw\data\interim\nonbird_source_curated_48k\inat_372950420_2029032_25a195138197.wav,other_insect,train,inaturalist_observation_372950420,source_curated,,,inaturalist,inat_372950420_2029032,https://www.inaturalist.org/observations/372950420,CC-BY-NC,false,
D:\C\Desktop\ai\xykw\data\interim\nonbird_source_curated_48k\inat_372950426_2029033_87ac02b8ff8e.wav,other_insect,train,inaturalist_observation_372950426,source_curated,,,inaturalist,inat_372950426_2029033,https://www.inaturalist.org/observations/372950426,CC-BY-NC,false,
D:\C\Desktop\ai\xykw\data\interim\nonbird_source_curated_48k\inat_372950429_2029061_d2a47207e1d4.wav,other_insect,train,inaturalist_observation_372950429,source_curated,,,inaturalist,inat_372950429_2029061,https://www.inaturalist.org/observations/372950429,CC-BY-NC,false,
D:\C\Desktop\ai\xykw\data\interim\nonbird_source_curated_48k\inat_372950430_2029059_82454e6b6220.wav,other_insect,train,inaturalist_observation_372950430,source_curated,,,inaturalist,inat_372950430_2029059,https://www.inaturalist.org/observations/372950430,CC-BY-NC,false,
D:\C\Desktop\ai\xykw\data\interim\nonbird_source_curated_48k\inat_373191792_2030534_2b49dc81641d.wav,other_insect,train,inaturalist_observation_373191792,source_curated,,,inaturalist,inat_373191792_2030534,https://www.inaturalist.org/observations/373191792,CC-BY-NC,false,
D:\C\Desktop\ai\xykw\data\interim\nonbird_source_curated_48k\inat_373449696_2032032_a6f41117fece.wav,other_insect,train,inaturalist_observation_373449696,source_curated,,,inaturalist,inat_373449696_2032032,https://www.inaturalist.org/observations/373449696,CC-BY-NC,false,
D:\C\Desktop\ai\xykw\data\interim\nonbird_source_curated_48k\inat_373453532_2032062_bf881ed1df8a.wav,other_insect,train,inaturalist_observation_373453532,source_curated,,,inaturalist,inat_373453532_2032062,https://www.inaturalist.org/observations/373453532,CC-BY-NC,false,
D:\C\Desktop\ai\xykw\data\interim\nonbird_source_curated_48k\inat_373453847_2032063_12bc50359f46.wav,other_insect,validation,inaturalist_observation_373453847,source_curated,,,inaturalist,inat_373453847_2032063,https://www.inaturalist.org/observations/373453847,CC-BY-NC,false,
D:\C\Desktop\ai\xykw\data\interim\nonbird_source_curated_48k\inat_373517181_2032440_6709420957c2.wav,other_insect,train,inaturalist_observation_373517181,source_curated,,,inaturalist,inat_373517181_2032440,https://www.inaturalist.org/observations/373517181,CC-BY-NC,false,
D:\C\Desktop\ai\xykw\data\interim\nonbird_source_curated_48k\inat_373542861_2032589_312ff1a8e677.wav,other_insect,test,inaturalist_observation_373542861,source_curated,,,inaturalist,inat_373542861_2032589,https://www.inaturalist.org/observations/373542861,CC-BY-NC,false,
D:\C\Desktop\ai\xykw\data\interim\nonbird_source_curated_48k\inat_373542862_2032590_7c517f051aab.wav,other_insect,test,inaturalist_observation_373542862,source_curated,,,inaturalist,inat_373542862_2032590,https://www.inaturalist.org/observations/373542862,CC-BY-NC,false,
D:\C\Desktop\ai\xykw\data\interim\nonbird_source_curated_48k\inat_375791380_2045055_764cf2b763e2.wav,other_insect,train,inaturalist_observation_375791380,source_curated,,,inaturalist,inat_375791380_2045055,https://www.inaturalist.org/observations/375791380,CC-BY-NC,false,
D:\C\Desktop\ai\xykw\data\interim\nonbird_source_curated_48k\inat_376054026_2046451_43f9cb317856.wav,other_insect,test,inaturalist_observation_376054026,source_curated,,,inaturalist,inat_376054026_2046451,https://www.inaturalist.org/observations/376054026,CC-BY-NC,false,
D:\C\Desktop\ai\xykw\data\interim\nonbird_source_curated_48k\inat_377149402_2051997_925ff123b541.wav,other_insect,train,inaturalist_observation_377149402,source_curated,,,inaturalist,inat_377149402_2051997,https://www.inaturalist.org/observations/377149402,CC-BY-NC,false,
D:\C\Desktop\ai\xykw\data\interim\nonbird_source_curated_48k\inat_377149760_2052000_6a8a8dab805e.wav,other_insect,train,inaturalist_observation_377149760,source_curated,,,inaturalist,inat_377149760_2052000,https://www.inaturalist.org/observations/377149760,CC-BY-NC,false,
D:\C\Desktop\ai\xykw\data\interim\nonbird_source_curated_48k\inat_377628061_2054240_94d6fbd97638.wav,other_insect,test,inaturalist_observation_377628061,source_curated,,,inaturalist,inat_377628061_2054240,https://www.inaturalist.org/observations/377628061,CC-BY-NC,false,
D:\C\Desktop\ai\xykw\data\interim\nonbird_source_curated_48k\inat_377678557_2054390_a5d8e4f6d94f.wav,other_insect,train,inaturalist_observation_377678557,source_curated,,,inaturalist,inat_377678557_2054390,https://www.inaturalist.org/observations/377678557,CC-BY-NC,false,
D:\C\Desktop\ai\xykw\data\interim\nonbird_source_curated_48k\inat_377955120_2055726_fab4aa604579.wav,other_insect,train,inaturalist_observation_377955120,source_curated,,,inaturalist,inat_377955120_2055726,https://www.inaturalist.org/observations/377955120,CC-BY-NC,false,
D:\C\Desktop\ai\xykw\data\interim\nonbird_source_curated_48k\inat_377955438_2055727_4398ba57416f.wav,other_insect,validation,inaturalist_observation_377955438,source_curated,,,inaturalist,inat_377955438_2055727,https://www.inaturalist.org/observations/377955438,CC-BY-NC,false,
D:\C\Desktop\ai\xykw\data\interim\nonbird_source_curated_48k\inat_377988209_2055884_b2d54b734ae0.wav,other_insect,train,inaturalist_observation_377988209,source_curated,,,inaturalist,inat_377988209_2055884,https://www.inaturalist.org/observations/377988209,CC-BY-NC,false,
D:\C\Desktop\ai\xykw\data\interim\nonbird_source_curated_48k\inat_378276392_2057505_be204d4f83fa.wav,other_insect,validation,inaturalist_observation_378276392,source_curated,,,inaturalist,inat_378276392_2057505,https://www.inaturalist.org/observations/378276392,CC-BY-NC,false,
D:\C\Desktop\ai\xykw\data\interim\nonbird_source_curated_48k\inat_378276392_2057506_77e4a0055687.wav,other_insect,validation,inaturalist_observation_378276392,source_curated,,,inaturalist,inat_378276392_2057506,https://www.inaturalist.org/observations/378276392,CC-BY-NC,false,
D:\C\Desktop\ai\xykw\data\interim\nonbird_source_curated_48k\inat_378282971_2057368_61a98bb28ee1.wav,other_insect,train,inaturalist_observation_378282971,source_curated,,,inaturalist,inat_378282971_2057368,https://www.inaturalist.org/observations/378282971,CC-BY-NC,false,
D:\C\Desktop\ai\xykw\data\interim\nonbird_source_curated_48k\inat_378297281_2057499_1586be157ef9.wav,other_insect,train,inaturalist_observation_378297281,source_curated,,,inaturalist,inat_378297281_2057499,https://www.inaturalist.org/observations/378297281,CC-BY-NC,false,
D:\C\Desktop\ai\xykw\data\interim\nonbird_source_curated_48k\inat_378326432_2057640_b1848da99d33.wav,other_insect,validation,inaturalist_observation_378326432,source_curated,,,inaturalist,inat_378326432_2057640,https://www.inaturalist.org/observations/378326432,CC-BY-NC,false,
D:\C\Desktop\ai\xykw\data\interim\nonbird_source_curated_48k\inat_379323580_2062258_880d985215c7.wav,other_insect,test,inaturalist_observation_379323580,source_curated,,,inaturalist,inat_379323580_2062258,https://www.inaturalist.org/observations/379323580,CC-BY-NC,false,
D:\C\Desktop\ai\xykw\data\interim\nonbird_source_curated_48k\inat_379616227_2063566_ed52eecb5f5e.wav,other_insect,test,inaturalist_observation_379616227,source_curated,,,inaturalist,inat_379616227_2063566,https://www.inaturalist.org/observations/379616227,CC-BY-NC,false,
D:\C\Desktop\ai\xykw\data\interim\nonbird_source_curated_48k\inat_380206265_2066479_5282743dcd18.wav,other_insect,train,inaturalist_observation_380206265,source_curated,,,inaturalist,inat_380206265_2066479,https://www.inaturalist.org/observations/380206265,CC-BY-NC,false,
D:\C\Desktop\ai\xykw\data\interim\nonbird_source_curated_48k\inat_380579624_2068285_4d017f7b1e6d.wav,other_insect,train,inaturalist_observation_380579624,source_curated,,,inaturalist,inat_380579624_2068285,https://www.inaturalist.org/observations/380579624,CC-BY-NC,false,
D:\C\Desktop\ai\xykw\data\interim\nonbird_source_curated_48k\inat_380584002_2068321_7504b914bffa.wav,other_insect,validation,inaturalist_observation_380584002,source_curated,,,inaturalist,inat_380584002_2068321,https://www.inaturalist.org/observations/380584002,CC-BY-NC,false,
D:\C\Desktop\ai\xykw\data\interim\nonbird_source_curated_48k\inat_380588321_2068342_b9773c288ff8.wav,other_insect,train,inaturalist_observation_380588321,source_curated,,,inaturalist,inat_380588321_2068342,https://www.inaturalist.org/observations/380588321,CC-BY-NC,false,
D:\C\Desktop\ai\xykw\data\interim\nonbird_source_curated_48k\inat_380622939_2068571_53ca5e213f6f.wav,other_insect,train,inaturalist_observation_380622939,source_curated,,,inaturalist,inat_380622939_2068571,https://www.inaturalist.org/observations/380622939,CC-BY-NC,false,
D:\C\Desktop\ai\xykw\data\interim\nonbird_source_curated_48k\inat_380625057_2068589_10032d92d831.wav,other_insect,train,inaturalist_observation_380625057,source_curated,,,inaturalist,inat_380625057_2068589,https://www.inaturalist.org/observations/380625057,CC-BY-NC,false,
D:\C\Desktop\ai\xykw\data\interim\nonbird_source_curated_48k\inat_380626077_2068592_aca6eee9d8c0.wav,other_insect,train,inaturalist_observation_380626077,source_curated,,,inaturalist,inat_380626077_2068592,https://www.inaturalist.org/observations/380626077,CC-BY-NC,false,
D:\C\Desktop\ai\xykw\data\interim\nonbird_source_curated_48k\inat_380640500_2068649_43ee8f44f6b8.wav,other_insect,train,inaturalist_observation_380640500,source_curated,,,inaturalist,inat_380640500_2068649,https://www.inaturalist.org/observations/380640500,CC-BY-NC,false,
D:\C\Desktop\ai\xykw\data\interim\nonbird_source_curated_48k\inat_380642537_2068660_9effe6ebeac4.wav,other_insect,train,inaturalist_observation_380642537,source_curated,,,inaturalist,inat_380642537_2068660,https://www.inaturalist.org/observations/380642537,CC-BY-NC,false,
D:\C\Desktop\ai\xykw\data\interim\nonbird_source_curated_48k\inat_380887848_2069827_34f18ed8d5f0.wav,other_insect,train,inaturalist_observation_380887848,source_curated,,,inaturalist,inat_380887848_2069827,https://www.inaturalist.org/observations/380887848,CC-BY-NC,false,
D:\C\Desktop\ai\xykw\data\interim\nonbird_source_curated_48k\inat_380890234_2069834_6be8bd22d5ed.wav,other_insect,test,inaturalist_observation_380890234,source_curated,,,inaturalist,inat_380890234_2069834,https://www.inaturalist.org/observations/380890234,CC-BY-NC,false,
D:\C\Desktop\ai\xykw\data\interim\nonbird_source_curated_48k\inat_380890837_2069837_dda5e53c0aa0.wav,other_insect,train,inaturalist_observation_380890837,source_curated,,,inaturalist,inat_380890837_2069837,https://www.inaturalist.org/observations/380890837,CC-BY-NC,false,
D:\C\Desktop\ai\xykw\data\interim\nonbird_source_curated_48k\inat_380898008_2069874_13e229b7da2d.wav,other_insect,train,inaturalist_observation_380898008,source_curated,,,inaturalist,inat_380898008_2069874,https://www.inaturalist.org/observations/380898008,CC-BY-NC,false,
D:\C\Desktop\ai\xykw\data\interim\nonbird_source_curated_48k\inat_380954544_2070164_434133ed2449.wav,other_insect,train,inaturalist_observation_380954544,source_curated,,,inaturalist,inat_380954544_2070164,https://www.inaturalist.org/observations/380954544,CC-BY-NC,false,
D:\C\Desktop\ai\xykw\data\interim\nonbird_source_curated_48k\inat_381096423_2070854_ac58b7408758.wav,other_insect,train,inaturalist_observation_381096423,source_curated,,,inaturalist,inat_381096423_2070854,https://www.inaturalist.org/observations/381096423,CC-BY-NC,false,
D:\C\Desktop\ai\xykw\data\interim\nonbird_source_curated_48k\inat_381321342_2071729_22f3f9fa791a.wav,other_insect,train,inaturalist_observation_381321342,source_curated,,,inaturalist,inat_381321342_2071729,https://www.inaturalist.org/observations/381321342,CC-BY-NC,false,
D:\C\Desktop\ai\xykw\data\interim\nonbird_source_curated_48k\inat_381567418_2072823_5c4927139214.wav,other_insect,validation,inaturalist_observation_381567418,source_curated,,,inaturalist,inat_381567418_2072823,https://www.inaturalist.org/observations/381567418,CC-BY-NC,false,
D:\C\Desktop\ai\xykw\data\interim\nonbird_source_curated_48k\inat_381579600_2072891_fde2792d17ae.wav,other_insect,train,inaturalist_observation_381579600,source_curated,,,inaturalist,inat_381579600_2072891,https://www.inaturalist.org/observations/381579600,CC-BY-NC,false,
D:\C\Desktop\ai\xykw\data\interim\nonbird_source_curated_48k\inat_381889002_2074225_f0a47b20adb9.wav,other_insect,validation,inaturalist_observation_381889002,source_curated,,,inaturalist,inat_381889002_2074225,https://www.inaturalist.org/observations/381889002,CC-BY-NC,false,
D:\C\Desktop\ai\xykw\data\interim\nonbird_source_curated_48k\inat_381904463_2074302_634c388ad039.wav,other_insect,train,inaturalist_observation_381904463,source_curated,,,inaturalist,inat_381904463_2074302,https://www.inaturalist.org/observations/381904463,CC-BY-NC,false,
D:\C\Desktop\ai\xykw\data\interim\nonbird_source_curated_48k\inat_381908686_2074334_2a76c49636eb.wav,other_insect,train,inaturalist_observation_381908686,source_curated,,,inaturalist,inat_381908686_2074334,https://www.inaturalist.org/observations/381908686,CC-BY-NC,false,
D:\C\Desktop\ai\xykw\data\interim\nonbird_source_curated_48k\inat_381928891_2074435_6b931f9657e5.wav,other_insect,validation,inaturalist_observation_381928891,source_curated,,,inaturalist,inat_381928891_2074435,https://www.inaturalist.org/observations/381928891,CC-BY-NC,false,
D:\C\Desktop\ai\xykw\data\interim\nonbird_source_curated_48k\inat_381939047_2074502_0a72e074b813.wav,other_insect,validation,inaturalist_observation_381939047,source_curated,,,inaturalist,inat_381939047_2074502,https://www.inaturalist.org/observations/381939047,CC-BY-NC,false,
D:\C\Desktop\ai\xykw\data\interim\nonbird_source_curated_48k\inat_382332210_2076147_2ade32e9d039.wav,other_insect,validation,inaturalist_observation_382332210,source_curated,,,inaturalist,inat_382332210_2076147,https://www.inaturalist.org/observations/382332210,CC-BY-NC,false,
D:\C\Desktop\ai\xykw\data\interim\nonbird_source_curated_48k\inat_382439135_2076509_03cec80a3e73.wav,other_insect,train,inaturalist_observation_382439135,source_curated,,,inaturalist,inat_382439135_2076509,https://www.inaturalist.org/observations/382439135,CC-BY-NC,false,
D:\C\Desktop\ai\xykw\data\interim\nonbird_source_curated_48k\inat_382817619_2078193_424be6f58d78.wav,other_insect,train,inaturalist_observation_382817619,source_curated,,,inaturalist,inat_382817619_2078193,https://www.inaturalist.org/observations/382817619,CC-BY-NC,false,
D:\C\Desktop\ai\xykw\data\interim\nonbird_source_curated_48k\inat_382912985_2078644_ee366eed861b.wav,other_insect,train,inaturalist_observation_382912985,source_curated,,,inaturalist,inat_382912985_2078644,https://www.inaturalist.org/observations/382912985,CC-BY-NC,false,
D:\C\Desktop\ai\xykw\data\interim\nonbird_source_curated_48k\inat_383239210_2079852_ee6b35163aff.wav,other_insect,train,inaturalist_observation_383239210,source_curated,,,inaturalist,inat_383239210_2079852,https://www.inaturalist.org/observations/383239210,CC-BY-NC-SA,false,
D:\C\Desktop\ai\xykw\data\interim\nonbird_source_curated_48k\inat_383544540_2081297_56282c3394fb.wav,other_insect,train,inaturalist_observation_383544540,source_curated,,,inaturalist,inat_383544540_2081297,https://www.inaturalist.org/observations/383544540,CC-BY-NC,false,
D:\C\Desktop\ai\xykw\data\interim\nonbird_source_curated_48k\inat_384180158_2084100_af8e36bb1b44.wav,other_insect,test,inaturalist_observation_384180158,source_curated,,,inaturalist,inat_384180158_2084100,https://www.inaturalist.org/observations/384180158,CC-BY-NC,false,
D:\C\Desktop\ai\xykw\data\interim\nonbird_source_curated_48k\inat_385241713_2089443_05fc7a581e19.wav,other_insect,train,inaturalist_observation_385241713,source_curated,,,inaturalist,inat_385241713_2089443,https://www.inaturalist.org/observations/385241713,CC-BY-NC,false,
D:\C\Desktop\ai\xykw\data\interim\nonbird_source_curated_48k\inat_387141435_2097928_d2ddc462fb70.wav,other_insect,test,inaturalist_observation_387141435,source_curated,,,inaturalist,inat_387141435_2097928,https://www.inaturalist.org/observations/387141435,CC-BY-NC,false,
D:\C\Desktop\ai\xykw\data\interim\nonbird_source_curated_48k\inat_387141771_2097931_34597610b170.wav,other_insect,train,inaturalist_observation_387141771,source_curated,,,inaturalist,inat_387141771_2097931,https://www.inaturalist.org/observations/387141771,CC-BY-NC,false,
D:\C\Desktop\ai\xykw\data\interim\nonbird_source_curated_48k\inat_387141897_2097932_b52b649fb73a.wav,other_insect,train,inaturalist_observation_387141897,source_curated,,,inaturalist,inat_387141897_2097932,https://www.inaturalist.org/observations/387141897,CC-BY-NC,false,
D:\C\Desktop\ai\xykw\data\interim\nonbird_source_curated_48k\inat_387142080_2097933_dc72b1bd8955.wav,other_insect,test,inaturalist_observation_387142080,source_curated,,,inaturalist,inat_387142080_2097933,https://www.inaturalist.org/observations/387142080,CC-BY-NC,false,
D:\C\Desktop\ai\xykw\data\interim\nonbird_source_curated_48k\inat_387486986_2100256_fa74c92db7eb.wav,other_insect,train,inaturalist_observation_387486986,source_curated,,,inaturalist,inat_387486986_2100256,https://www.inaturalist.org/observations/387486986,CC-BY-NC,false,
D:\C\Desktop\ai\xykw\data\interim\nonbird_source_curated_48k\inat_125013574_492420_3d3fbb18a5dd.wav,other_frog,validation,inaturalist_observation_125013574,source_curated,,,inaturalist,inat_125013574_492420,https://www.inaturalist.org/observations/125013574,CC-BY-NC-SA,false,
D:\C\Desktop\ai\xykw\data\interim\nonbird_source_curated_48k\inat_213458540_1017112_14bd6e6210e8.wav,other_frog,train,inaturalist_observation_213458540,source_curated,,,inaturalist,inat_213458540_1017112,https://www.inaturalist.org/observations/213458540,CC-BY-NC,false,
D:\C\Desktop\ai\xykw\data\interim\nonbird_source_curated_48k\inat_218363181_1060994_7e2f66e39652.wav,other_frog,train,inaturalist_observation_218363181,source_curated,,,inaturalist,inat_218363181_1060994,https://www.inaturalist.org/observations/218363181,CC-BY-NC,false,
D:\C\Desktop\ai\xykw\data\interim\nonbird_source_curated_48k\inat_230270023_1136772_5f118189eb7b.wav,other_frog,train,inaturalist_observation_230270023,source_curated,,,inaturalist,inat_230270023_1136772,https://www.inaturalist.org/observations/230270023,CC-BY-NC,false,
D:\C\Desktop\ai\xykw\data\interim\nonbird_source_curated_48k\inat_260702780_1300615_5d802c5cbcd4.wav,other_frog,validation,inaturalist_observation_260702780,source_curated,,,inaturalist,inat_260702780_1300615,https://www.inaturalist.org/observations/260702780,CC-BY-NC,false,
D:\C\Desktop\ai\xykw\data\interim\nonbird_source_curated_48k\inat_260702781_1300614_a9e845bea22e.wav,other_frog,test,inaturalist_observation_260702781,source_curated,,,inaturalist,inat_260702781_1300614,https://www.inaturalist.org/observations/260702781,CC-BY-NC,false,
D:\C\Desktop\ai\xykw\data\interim\nonbird_source_curated_48k\inat_272673476_1393026_2fe1b35fddfe.wav,other_frog,train,inaturalist_observation_272673476,source_curated,,,inaturalist,inat_272673476_1393026,https://www.inaturalist.org/observations/272673476,CC-BY-NC,false,
D:\C\Desktop\ai\xykw\data\interim\nonbird_source_curated_48k\inat_282351690_1472057_7a977217ca58.wav,other_frog,validation,inaturalist_observation_282351690,source_curated,,,inaturalist,inat_282351690_1472057,https://www.inaturalist.org/observations/282351690,CC-BY-NC,false,
D:\C\Desktop\ai\xykw\data\interim\nonbird_source_curated_48k\inat_292593586_1540993_b1d23d3bbbf7.wav,other_frog,train,inaturalist_observation_292593586,source_curated,,,inaturalist,inat_292593586_1540993,https://www.inaturalist.org/observations/292593586,CC0,true,
D:\C\Desktop\ai\xykw\data\interim\nonbird_source_curated_48k\inat_292605263_1541041_e62cd0f00823.wav,other_frog,validation,inaturalist_observation_292605263,source_curated,,,inaturalist,inat_292605263_1541041,https://www.inaturalist.org/observations/292605263,CC0,true,
D:\C\Desktop\ai\xykw\data\interim\nonbird_source_curated_48k\inat_293185143_1544154_a8ee59a81fd4.wav,other_frog,train,inaturalist_observation_293185143,source_curated,,,inaturalist,inat_293185143_1544154,https://www.inaturalist.org/observations/293185143,CC0,true,
D:\C\Desktop\ai\xykw\data\interim\nonbird_source_curated_48k\inat_294779529_1552538_a7ae108a408e.wav,other_frog,validation,inaturalist_observation_294779529,source_curated,,,inaturalist,inat_294779529_1552538,https://www.inaturalist.org/observations/294779529,CC-BY-NC,false,
D:\C\Desktop\ai\xykw\data\interim\nonbird_source_curated_48k\inat_299825095_1576779_2ce3b17c32e7.wav,other_frog,train,inaturalist_observation_299825095,source_curated,,,inaturalist,inat_299825095_1576779,https://www.inaturalist.org/observations/299825095,CC-BY-NC,false,
D:\C\Desktop\ai\xykw\data\interim\nonbird_source_curated_48k\inat_308009357_1611314_5fae34f7d015.wav,other_frog,train,inaturalist_observation_308009357,source_curated,,,inaturalist,inat_308009357_1611314,https://www.inaturalist.org/observations/308009357,CC-BY,true,
D:\C\Desktop\ai\xykw\data\interim\nonbird_source_curated_48k\inat_370877308_2017215_42ae9fb3d9cd.wav,other_frog,train,inaturalist_observation_370877308,source_curated,,,inaturalist,inat_370877308_2017215,https://www.inaturalist.org/observations/370877308,CC-BY-NC,false,
D:\C\Desktop\ai\xykw\data\interim\nonbird_source_curated_48k\freesound_173447_76b281f85011.wav,background,train,freesound_173447,source_curated,,,freesound_public_web,freesound_173447,https://freesound.org/s/173447/,CC-BY,true,
D:\C\Desktop\ai\xykw\data\interim\nonbird_source_curated_48k\freesound_200972_26ce90fcd9d0.wav,background,validation,freesound_200972,source_curated,,,freesound_public_web,freesound_200972,https://freesound.org/s/200972/,CC0,true,
D:\C\Desktop\ai\xykw\data\interim\nonbird_source_curated_48k\freesound_232204_b945839e92a9.wav,background,train,freesound_232204,source_curated,,,freesound_public_web,freesound_232204,https://freesound.org/s/232204/,CC0,true,
D:\C\Desktop\ai\xykw\data\interim\nonbird_source_curated_48k\freesound_243880_e9562ac623b6.wav,background,train,freesound_243880,source_curated,,,freesound_public_web,freesound_243880,https://freesound.org/s/243880/,CC-BY,true,
D:\C\Desktop\ai\xykw\data\interim\nonbird_source_curated_48k\freesound_243881_75d380cbd39c.wav,background,train,freesound_243881,source_curated,,,freesound_public_web,freesound_243881,https://freesound.org/s/243881/,CC-BY,true,
D:\C\Desktop\ai\xykw\data\interim\nonbird_source_curated_48k\freesound_243882_b0c4a1cf3990.wav,background,train,freesound_243882,source_curated,,,freesound_public_web,freesound_243882,https://freesound.org/s/243882/,CC-BY,true,
D:\C\Desktop\ai\xykw\data\interim\nonbird_source_curated_48k\freesound_243883_22271858b463.wav,background,test,freesound_243883,source_curated,,,freesound_public_web,freesound_243883,https://freesound.org/s/243883/,CC-BY,true,
D:\C\Desktop\ai\xykw\data\interim\nonbird_source_curated_48k\freesound_259968_65930d561c22.wav,background,train,freesound_259968,source_curated,,,freesound_public_web,freesound_259968,https://freesound.org/s/259968/,CC0,true,
D:\C\Desktop\ai\xykw\data\interim\nonbird_source_curated_48k\freesound_260726_90dc6de4ba9c.wav,background,train,freesound_260726,source_curated,,,freesound_public_web,freesound_260726,https://freesound.org/s/260726/,CC-BY,true,
D:\C\Desktop\ai\xykw\data\interim\nonbird_source_curated_48k\freesound_269375_8ee7e461f0fd.wav,background,test,freesound_269375,source_curated,,,freesound_public_web,freesound_269375,https://freesound.org/s/269375/,CC-BY-NC,false,
D:\C\Desktop\ai\xykw\data\interim\nonbird_source_curated_48k\freesound_276294_e7db7fb57a13.wav,background,validation,freesound_276294,source_curated,,,freesound_public_web,freesound_276294,https://freesound.org/s/276294/,CC0,true,
D:\C\Desktop\ai\xykw\data\interim\nonbird_source_curated_48k\freesound_376534_bb84b7926332.wav,background,train,freesound_376534,source_curated,,,freesound_public_web,freesound_376534,https://freesound.org/s/376534/,CC0,true,
D:\C\Desktop\ai\xykw\data\interim\nonbird_source_curated_48k\freesound_398740_0319fb23cd4d.wav,background,train,freesound_398740,source_curated,,,freesound_public_web,freesound_398740,https://freesound.org/s/398740/,CC0,true,
D:\C\Desktop\ai\xykw\data\interim\nonbird_source_curated_48k\freesound_459464_3578bbe4920b.wav,background,train,freesound_459464,source_curated,,,freesound_public_web,freesound_459464,https://freesound.org/s/459464/,CC0,true,
D:\C\Desktop\ai\xykw\data\interim\nonbird_source_curated_48k\freesound_521388_6ef869965ca3.wav,background,train,freesound_521388,source_curated,,,freesound_public_web,freesound_521388,https://freesound.org/s/521388/,CC-BY,true,
D:\C\Desktop\ai\xykw\data\interim\nonbird_source_curated_48k\freesound_521841_fb2ad7a3641e.wav,background,validation,freesound_521841,source_curated,,,freesound_public_web,freesound_521841,https://freesound.org/s/521841/,CC0,true,
D:\C\Desktop\ai\xykw\data\interim\nonbird_source_curated_48k\freesound_529779_45d5c0f1a66a.wav,background,train,freesound_529779,source_curated,,,freesound_public_web,freesound_529779,https://freesound.org/s/529779/,CC0,true,
D:\C\Desktop\ai\xykw\data\interim\nonbird_source_curated_48k\freesound_569176_6c9242ee7468.wav,background,train,freesound_569176,source_curated,,,freesound_public_web,freesound_569176,https://freesound.org/s/569176/,CC0,true,
D:\C\Desktop\ai\xykw\data\interim\nonbird_source_curated_48k\freesound_569803_286f2ffcf1a4.wav,background,train,freesound_569803,source_curated,,,freesound_public_web,freesound_569803,https://freesound.org/s/569803/,CC-BY,true,
D:\C\Desktop\ai\xykw\data\interim\nonbird_source_curated_48k\freesound_582921_06889f816d7d.wav,background,train,freesound_582921,source_curated,,,freesound_public_web,freesound_582921,https://freesound.org/s/582921/,CC0,true,
D:\C\Desktop\ai\xykw\data\interim\nonbird_source_curated_48k\freesound_636568_70c08323f7c4.wav,background,validation,freesound_636568,source_curated,,,freesound_public_web,freesound_636568,https://freesound.org/s/636568/,CC0,true,
D:\C\Desktop\ai\xykw\data\interim\nonbird_source_curated_48k\freesound_656899_ed6024b58ded.wav,background,train,freesound_656899,source_curated,,,freesound_public_web,freesound_656899,https://freesound.org/s/656899/,CC0,true,
D:\C\Desktop\ai\xykw\data\interim\nonbird_source_curated_48k\freesound_680627_84075ec4e1f4.wav,background,validation,freesound_680627,source_curated,,,freesound_public_web,freesound_680627,https://freesound.org/s/680627/,CC0,true,
D:\C\Desktop\ai\xykw\data\interim\nonbird_source_curated_48k\freesound_753418_1edbd7fb55fb.wav,background,train,freesound_753418,source_curated,,,freesound_public_web,freesound_753418,https://freesound.org/s/753418/,CC0,true,
D:\C\Desktop\ai\xykw\data\interim\nonbird_source_curated_48k\freesound_776260_bcce2dec47d0.wav,background,train,freesound_776260,source_curated,,,freesound_public_web,freesound_776260,https://freesound.org/s/776260/,CC0,true,
D:\C\Desktop\ai\xykw\data\interim\nonbird_source_curated_48k\freesound_818390_e5d690d1dab4.wav,background,train,freesound_818390,source_curated,,,freesound_public_web,freesound_818390,https://freesound.org/s/818390/,CC0,true,
D:\C\Desktop\ai\xykw\data\interim\nonbird_source_curated_48k\freesound_838794_366d9013126a.wav,background,train,freesound_838794,source_curated,,,freesound_public_web,freesound_838794,https://freesound.org/s/838794/,CC0,true,
D:\C\Desktop\ai\xykw\data\interim\nonbird_source_curated_48k\freesound_846302_e98748b20388.wav,background,train,freesound_846302,source_curated,,,freesound_public_web,freesound_846302,https://freesound.org/s/846302/,CC0,true,
D:\C\Desktop\ai\xykw\data\interim\nonbird_source_curated_48k\freesound_848492_58ad23e1dba7.wav,background,test,freesound_848492,source_curated,,,freesound_public_web,freesound_848492,https://freesound.org/s/848492/,CC-BY,true,
D:\C\Desktop\ai\xykw\data\interim\nonbird_source_curated_48k\freesound_860931_d7bbb279e4db.wav,background,train,freesound_860931,source_curated,,,freesound_public_web,freesound_860931,https://freesound.org/s/860931/,CC0,true,
