source,source_id,taxon_id,scientific_name,name_zh,category_id,source_url,media_url,license_code,license_url,commercial_compatible,attribution,quality_grade,observed_on,latitude,longitude,locality,split_hint,split_group,local_path,sha256,review_status,reviewer,valid_intervals,review_notes
inaturalist,inat_298122186_1569296,cryptotympana_atrata,Cryptotympana atrata,黑蚱蝉,insect,https://www.inaturalist.org/observations/298122186,https://static.inaturalist.org/sounds/1569296.m4a?1752575909,CC0,cc0,True,no rights reserved,research,2025-07-15,29.9759008769,122.1691362276,"Zhoushan, CN-ZJ, CN",,inaturalist_observation_298122186,data\raw\inaturalist\cryptotympana_atrata\inat_298122186_1569296.m4a,8729b6aefc2eb7019010cbc2079dc20f9e997bcba3b05532abe297b1a1851daf,source_curated,,,trusted iNaturalist research-grade community label
inaturalist,inat_299438587_1575197,cryptotympana_atrata,Cryptotympana atrata,黑蚱蝉,insect,https://www.inaturalist.org/observations/299438587,https://static.inaturalist.org/sounds/1575197.m4a?1752996184,CC-BY-NC,cc-by-nc,False,"(c) zerteyua, some rights reserved (CC BY-NC)",research,2025-07-20,29.5499249363,120.8179300942,"西五线, 绍兴市, 浙江省, CN",,inaturalist_observation_299438587,data\raw\inaturalist\cryptotympana_atrata\inat_299438587_1575197.m4a,1ea06e80dc6083f63bc3002215a7968893f467039bd17edaeb5240e84b5726b1,source_curated,,,trusted iNaturalist research-grade community label
inaturalist,inat_299438587_1575198,cryptotympana_atrata,Cryptotympana atrata,黑蚱蝉,insect,https://www.inaturalist.org/observations/299438587,https://static.inaturalist.org/sounds/1575198.m4a?1752996186,CC-BY-NC,cc-by-nc,False,"(c) zerteyua, some rights reserved (CC BY-NC)",research,2025-07-20,29.5499249363,120.8179300942,"西五线, 绍兴市, 浙江省, CN",,inaturalist_observation_299438587,data\raw\inaturalist\cryptotympana_atrata\inat_299438587_1575198.m4a,69616e3dc549b304a680a43779e240d2d2a2da96b5a0a2615197401b82b15b50,source_curated,,,trusted iNaturalist research-grade community label
inaturalist,inat_299781975_1576615,cryptotympana_atrata,Cryptotympana atrata,黑蚱蝉,insect,https://www.inaturalist.org/observations/299781975,https://static.inaturalist.org/sounds/1576615.m4a?1753088659,CC-BY-NC,cc-by-nc,False,"(c) 哈基人, some rights reserved (CC BY-NC)",research,2025-07-21,31.3930083333,121.4859033333,中国 上海市宝山区 新思致公寓,,inaturalist_observation_299781975,data\raw\inaturalist\cryptotympana_atrata\inat_299781975_1576615.m4a,e552950a51c652202a9757832f7246ac5467d8326bc207827d7b1dfacc9e1746,source_curated,,,trusted iNaturalist research-grade community label
inaturalist,inat_301197600_1582376,cryptotympana_atrata,Cryptotympana atrata,黑蚱蝉,insect,https://www.inaturalist.org/observations/301197600,https://static.inaturalist.org/sounds/1582376.m4a?1753536988,CC-BY-NC,cc-by-nc,False,"(c) 哈基人, some rights reserved (CC BY-NC)",research,2025-07-26,31.4473571087,121.4381582395,"Shanghai, Shanghai, CN",,inaturalist_observation_301197600,data\raw\inaturalist\cryptotympana_atrata\inat_301197600_1582376.m4a,3fce17a7d69487fc76581e8619c54a26c18169d3829d7b404cb23833276ea785,source_curated,,,trusted iNaturalist research-grade community label
inaturalist,inat_302789000_1589079,cryptotympana_atrata,Cryptotympana atrata,黑蚱蝉,insect,https://www.inaturalist.org/observations/302789000,https://static.inaturalist.org/sounds/1589079.m4a?1754022581,CC-BY-NC,cc-by-nc,False,"(c) Amaël Borzée, some rights reserved (CC BY-NC)",research,2025-08-01,32.06824788,118.90497857,"Nanjing, CN-JS, CN",,inaturalist_observation_302789000,data\raw\inaturalist\cryptotympana_atrata\inat_302789000_1589079.m4a,16c1216d0425f6f23e730a5693f616d7dd1d1720380c3db98f6921e4f869b1ac,source_curated,,,trusted iNaturalist research-grade community label
inaturalist,inat_303360341_1591683,cryptotympana_atrata,Cryptotympana atrata,黑蚱蝉,insect,https://www.inaturalist.org/observations/303360341,https://static.inaturalist.org/sounds/1591683.m4a?1754210125,CC-BY-NC,cc-by-nc,False,"(c) Amaël Borzée, some rights reserved (CC BY-NC)",research,2025-08-03,32.06862226,118.90448675,"Nanjing, CN-JS, CN",,inaturalist_observation_303360341,data\raw\inaturalist\cryptotympana_atrata\inat_303360341_1591683.m4a,6d996ad495ced580eddcabf6db288739a6181a45a527b9673872ebdaad68791f,source_curated,,,trusted iNaturalist research-grade community label
inaturalist,inat_304445501_1596320,cryptotympana_atrata,Cryptotympana atrata,黑蚱蝉,insect,https://www.inaturalist.org/observations/304445501,https://static.inaturalist.org/sounds/1596320.m4a?1754565928,CC-BY-NC,cc-by-nc,False,"(c) 哈基人, some rights reserved (CC BY-NC)",research,2025-08-07,31.566917173,121.5903849986,"Shanghai, Shanghai, CN",,inaturalist_observation_304445501,data\raw\inaturalist\cryptotympana_atrata\inat_304445501_1596320.m4a,bf4139c0313069e01836b1fff5545e72c42270732ab80f9dbb26d4e3913c2c75,source_curated,,,trusted iNaturalist research-grade community label
inaturalist,inat_308757922_1614597,cryptotympana_atrata,Cryptotympana atrata,黑蚱蝉,insect,https://www.inaturalist.org/observations/308757922,https://static.inaturalist.org/sounds/1614597.m4a?1756054294,CC-BY-NC,cc-by-nc,False,"(c) MP Zhou, some rights reserved (CC BY-NC)",research,2025-08-08,32.220475,110.7442055556,"Shiyan, CN-HU, CN",,inaturalist_observation_308757922,data\raw\inaturalist\cryptotympana_atrata\inat_308757922_1614597.m4a,03437e1b1ff45277ba1ef7aad54efe6383737c7efca7caea4729b6b8a285bcee,source_curated,,,trusted iNaturalist research-grade community label
inaturalist,inat_373822324_2034025,cryptotympana_atrata,Cryptotympana atrata,黑蚱蝉,insect,https://www.inaturalist.org/observations/373822324,https://static.inaturalist.org/sounds/2034025.wav?1782018312,CC-BY-NC,cc-by-nc,False,"(c) 蝉之风韵, some rights reserved (CC BY-NC)",research,2026-06-21,32.01965,118.902345,"Nanjing, CN-JS, CN",,inaturalist_observation_373822324,data\raw\inaturalist\cryptotympana_atrata\inat_373822324_2034025.wav,5a7a751783d42787708ec8d8aeb0d59bc72b56c40f061677d395d0ca8e234306,source_curated,,,trusted iNaturalist research-grade community label
inaturalist,inat_376082090_2046617,cryptotympana_atrata,Cryptotympana atrata,黑蚱蝉,insect,https://www.inaturalist.org/observations/376082090,https://static.inaturalist.org/sounds/2046617.m4a?1782622293,CC-BY-NC,cc-by-nc,False,"(c) 虹, some rights reserved (CC BY-NC)",research,2026-06-28,30.7900680496,120.7408492328,"时代·阳光小区东区, 嘉兴市, 浙江省, CN",,inaturalist_observation_376082090,data\raw\inaturalist\cryptotympana_atrata\inat_376082090_2046617.m4a,5a3d838d37362a245e256d90a98bb741dbb366118702923988900038be9c0b70,source_curated,,,trusted iNaturalist research-grade community label
inaturalist,inat_382216635_2075662,cryptotympana_atrata,Cryptotympana atrata,黑蚱蝉,insect,https://www.inaturalist.org/observations/382216635,https://static.inaturalist.org/sounds/2075662.mp3?1784277725,CC-BY-NC,cc-by-nc,False,"(c) yyawc, some rights reserved (CC BY-NC)",research,2026-07-17,30.570445,104.05333,四川省成都市武侯区石羊场,,inaturalist_observation_382216635,data\raw\inaturalist\cryptotympana_atrata\inat_382216635_2075662.mp3,f22c540449dc55b5fe2d865cab7d8db1c6767bc1533aacf8201b64ee1f07d483,source_curated,,,trusted iNaturalist research-grade community label
inaturalist,inat_120498508_463174,fejervarya_multistriata,Fejervarya multistriata,泽陆蛙,frog,https://www.inaturalist.org/observations/120498508,https://static.inaturalist.org/sounds/463174.m4a?1654518502,CC-BY-NC,cc-by-nc,False,"(c) llareta, some rights reserved (CC BY-NC)",research,2022-06-06,32.0533153591,118.8312186844,"植物园路, 南京市, 江苏省, CN",,inaturalist_observation_120498508,data\raw\inaturalist\fejervarya_multistriata\inat_120498508_463174.m4a,9e4d79e6b3ae4b789dcc53d7b2541b08598aa77a04ad218e7ec156cc3b0db6c9,source_curated,,,trusted iNaturalist research-grade community label
inaturalist,inat_123221874_480820,fejervarya_multistriata,Fejervarya multistriata,泽陆蛙,frog,https://www.inaturalist.org/observations/123221874,https://static.inaturalist.org/sounds/480820.m4a?1656078727,CC-BY-NC,cc-by-nc,False,"(c) llareta, some rights reserved (CC BY-NC)",research,2022-06-24,32.068270968,118.7840235657,"玄武门, 南京市, 江苏省, CN",,inaturalist_observation_123221874,data\raw\inaturalist\fejervarya_multistriata\inat_123221874_480820.m4a,ddba8dc460c6486c1afa0031498538131cf97a50a95029bf8464642c28d07623,source_curated,,,trusted iNaturalist research-grade community label
inaturalist,inat_123222060_480822,fejervarya_multistriata,Fejervarya multistriata,泽陆蛙,frog,https://www.inaturalist.org/observations/123222060,https://static.inaturalist.org/sounds/480822.m4a?1656078814,CC-BY-NC,cc-by-nc,False,"(c) llareta, some rights reserved (CC BY-NC)",research,2022-06-24,32.0681714174,118.7842461686,"玄武门, 南京市, 江苏省, CN",,inaturalist_observation_123222060,data\raw\inaturalist\fejervarya_multistriata\inat_123222060_480822.m4a,ce02f765a26617f7de316b56760b5f586b61d9afb19c1fc0365b026a4036ac8e,source_curated,,,trusted iNaturalist research-grade community label
inaturalist,inat_166115456_729434,fejervarya_multistriata,Fejervarya multistriata,泽陆蛙,frog,https://www.inaturalist.org/observations/166115456,https://static.inaturalist.org/sounds/729434.wav?1686164069,CC-BY-NC,cc-by-nc,False,"(c) Amaël Borzée, some rights reserved (CC BY-NC)",research,2023-06-08,32.5344778,117.69894548,"Chuzhou, CN-AH, CN",,inaturalist_observation_166115456,data\raw\inaturalist\fejervarya_multistriata\inat_166115456_729434.wav,d2c8ca45da0020d68287c48463f6b24b80a008f8caeb24edabc6be076efce14a,source_curated,,,trusted iNaturalist research-grade community label
inaturalist,inat_166407253_731575,fejervarya_multistriata,Fejervarya multistriata,泽陆蛙,frog,https://www.inaturalist.org/observations/166407253,https://static.inaturalist.org/sounds/731575.wav?1686317550,CC-BY-NC,cc-by-nc,False,"(c) Amaël Borzée, some rights reserved (CC BY-NC)",research,2023-06-09,32.2846753852,117.6181182553,"Chuzhou, CN-AH, CN",,inaturalist_observation_166407253,data\raw\inaturalist\fejervarya_multistriata\inat_166407253_731575.wav,127554a3609a8a5c717ef0600f81bc660882a38aedcd8ca86def3a06674cd6b2,source_curated,,,trusted iNaturalist research-grade community label
inaturalist,inat_189653132_839911,fejervarya_multistriata,Fejervarya multistriata,泽陆蛙,frog,https://www.inaturalist.org/observations/189653132,https://static.inaturalist.org/sounds/839911.wav?1698837277,CC-BY-NC,cc-by-nc,False,"(c) Amaël Borzée, some rights reserved (CC BY-NC)",research,2023-11-01,18.2369662489,109.6109443903,"Sanya, CN-HA, CN",,inaturalist_observation_189653132,data\raw\inaturalist\fejervarya_multistriata\inat_189653132_839911.wav,c0ae7ca82b85c77166e84bedefbc2f4eec32aa37adca2d81e003b9a3078077bf,source_curated,,,trusted iNaturalist research-grade community label
inaturalist,inat_240743641_1197181,fejervarya_multistriata,Fejervarya multistriata,泽陆蛙,frog,https://www.inaturalist.org/observations/240743641,https://static.inaturalist.org/sounds/1197181.m4a?1725885906,CC-BY-NC,cc-by-nc,False,"(c) Amaël Borzée, some rights reserved (CC BY-NC)",research,2024-09-09,22.80840794,113.9147078,"Shenzhen, CN-GD, CN",,inaturalist_observation_240743641,data\raw\inaturalist\fejervarya_multistriata\inat_240743641_1197181.m4a,d05308e07d457fe496fabf0ed5462d6135d234454bd5abec8c5cca5e87c5bbbe,source_curated,,,trusted iNaturalist research-grade community label
inaturalist,inat_295485199_1556307,fejervarya_multistriata,Fejervarya multistriata,泽陆蛙,frog,https://www.inaturalist.org/observations/295485199,https://static.inaturalist.org/sounds/1556307.mp3?1751745768,CC-BY-NC,cc-by-nc,False,"(c) nancyecho22, some rights reserved (CC BY-NC)",research,2025-07-06,26.639601,119.536435,福建省宁德市蕉城区城南镇宁德,,inaturalist_observation_295485199,data\raw\inaturalist\fejervarya_multistriata\inat_295485199_1556307.mp3,02a8299f856981b2c8eceec467ee629c3d0d6d5f06d12279fc567fc099d24b68,source_curated,,,trusted iNaturalist research-grade community label
inaturalist,inat_352278758_1877049,fejervarya_multistriata,Fejervarya multistriata,泽陆蛙,frog,https://www.inaturalist.org/observations/352278758,https://static.inaturalist.org/sounds/1877049.m4a?1776957828,CC-BY-NC,cc-by-nc,False,"(c) zhangxl0620, some rights reserved (CC BY-NC)",research,2026-04-23,22.8478877011,108.2767930948,"高新区, 南宁市, 广西壮族自治区, CN",,inaturalist_observation_352278758,data\raw\inaturalist\fejervarya_multistriata\inat_352278758_1877049.m4a,55134d9cfa36e8fe0480e1e86a082c0d14fc148fdddac674b3e724d6c0b13285,source_curated,,,trusted iNaturalist research-grade community label
inaturalist,inat_364735599_1975889,fejervarya_multistriata,Fejervarya multistriata,泽陆蛙,frog,https://www.inaturalist.org/observations/364735599,https://static.inaturalist.org/sounds/1975889.m4a?1779642576,CC-BY,cc-by,True,"(c) Melvin Xu, some rights reserved (CC BY)",research,2026-05-24,25.014816019,98.4570963351,"Baoshan, CN-YN, CN",,inaturalist_observation_364735599,data\raw\inaturalist\fejervarya_multistriata\inat_364735599_1975889.m4a,7f567ec19eb900fcaba3309d21d2d93cdb1eb7b95593693c376df35271a558b6,source_curated,,,trusted iNaturalist research-grade community label
inaturalist,inat_172788918_768395,mecopoda_elongata,Mecopoda elongata,纺织娘,insect,https://www.inaturalist.org/observations/172788918,https://static.inaturalist.org/sounds/768395.m4a?1689306248,CC-BY-NC,cc-by-nc,False,"(c) James Bailey, some rights reserved (CC BY-NC)",research,2023-04-15,24.1276382367,91.4418012264,"Habiganj District, Bangladesh",,inaturalist_observation_172788918,data\raw\inaturalist\mecopoda_elongata\inat_172788918_768395.m4a,0168b1ca9a5082eb39987d0d9d2521de9046e049a2325acc1f863620068b87dc,source_curated,,,trusted iNaturalist research-grade community label
inaturalist,inat_62378513_146017,mecopoda_elongata,Mecopoda elongata,纺织娘,insect,https://www.inaturalist.org/observations/62378513,https://static.inaturalist.org/sounds/146017.m4a?1604124253,CC-BY-NC,cc-by-nc,False,"(c) qwertypoiu, some rights reserved (CC BY-NC)",research,2020-10-12,29.2471392258,79.5309271565,"Kathgodam, Haldwani, Uttarakhand, India",,inaturalist_observation_62378513,data\raw\inaturalist\mecopoda_elongata\inat_62378513_146017.m4a,e76e844f8d99e633085fdd8aed22c642979669deb93f0bc241af41f8eed30ed9,source_curated,,,trusted iNaturalist research-grade community label
inaturalist,inat_273510901_1400687,microhyla_fissipes,Microhyla fissipes,饰纹姬蛙,frog,https://www.inaturalist.org/observations/273510901,https://static.inaturalist.org/sounds/1400687.m4a?1745631360,CC-BY-NC,cc-by-nc,False,"(c) 大鹅Goose, some rights reserved (CC BY-NC)",research,2025-04-26,22.8022149221,114.6536065081,"Huizhou, Guangdong, CN",,inaturalist_observation_273510901,data\raw\inaturalist\microhyla_fissipes\inat_273510901_1400687.m4a,5940c8aae1fa60869015823e841f52bd9df63ac5d4fcb3e186081cd2fad12336,source_curated,,,trusted iNaturalist research-grade community label
inaturalist,inat_280214687_1454867,microhyla_fissipes,Microhyla fissipes,饰纹姬蛙,frog,https://www.inaturalist.org/observations/280214687,https://static.inaturalist.org/sounds/1454867.m4a?1746968779,CC-BY-NC,cc-by-nc,False,"(c) Dallin Kohler, some rights reserved (CC BY-NC)",research,2025-05-11,32.0695722222,119.0134833333,中国南京市 邮政编码: 211133,,inaturalist_observation_280214687,data\raw\inaturalist\microhyla_fissipes\inat_280214687_1454867.m4a,c74ae005b908105acc85d326a76051ad67f35c8a98bc7b8f2beabf7e5c79a736,source_curated,,,trusted iNaturalist research-grade community label
inaturalist,inat_282348150_1472023,microhyla_fissipes,Microhyla fissipes,饰纹姬蛙,frog,https://www.inaturalist.org/observations/282348150,https://static.inaturalist.org/sounds/1472023.m4a?1747656676,CC-BY-NC,cc-by-nc,False,"(c) Amaël Borzée, some rights reserved (CC BY-NC)",research,2025-05-19,30.26158718,119.56361813,"Hangzhou, CN-ZJ, CN",,inaturalist_observation_282348150,data\raw\inaturalist\microhyla_fissipes\inat_282348150_1472023.m4a,f2d6c3f7595a87e49d563a5c3891e6bd04558a1434ea81bf21aac3a688024d96,source_curated,,,trusted iNaturalist research-grade community label
inaturalist,inat_282364032_1472192,microhyla_fissipes,Microhyla fissipes,饰纹姬蛙,frog,https://www.inaturalist.org/observations/282364032,https://static.inaturalist.org/sounds/1472192.m4a?1747661686,CC-BY-NC,cc-by-nc,False,"(c) Amaël Borzée, some rights reserved (CC BY-NC)",research,2025-05-19,30.29083224,119.53313009,"Hangzhou, CN-ZJ, CN",,inaturalist_observation_282364032,data\raw\inaturalist\microhyla_fissipes\inat_282364032_1472192.m4a,8d31f35b6b354f4f625d10f9b69ee32857647f348704276fe90045648667ae70,source_curated,,,trusted iNaturalist research-grade community label
inaturalist,inat_287774734_1511647,microhyla_fissipes,Microhyla fissipes,饰纹姬蛙,frog,https://www.inaturalist.org/observations/287774734,https://static.inaturalist.org/sounds/1511647.mpga?1749352442,CC-BY-NC,cc-by-nc,False,"(c) MP Zhou, some rights reserved (CC BY-NC)",research,2025-06-01,27.1443083333,113.9126583333,中国江西省萍乡市莲花县,,inaturalist_observation_287774734,data\raw\inaturalist\microhyla_fissipes\inat_287774734_1511647.mpga,24d04d36f98bca1f9743fdcb794005760b513207d6d1a8dce57405e3bbd8f790,source_curated,,,trusted iNaturalist research-grade community label
inaturalist,inat_292043900_1538046,microhyla_fissipes,Microhyla fissipes,饰纹姬蛙,frog,https://www.inaturalist.org/observations/292043900,https://static.inaturalist.org/sounds/1538046.m4a?1750673305,CC-BY-NC,cc-by-nc,False,"(c) Caiyongchen, some rights reserved (CC BY-NC)",research,2025-06-14,32.5016923103,111.100514885,"Shiyan, CN-HU, CN",,inaturalist_observation_292043900,data\raw\inaturalist\microhyla_fissipes\inat_292043900_1538046.m4a,a6a1ca2d7d231cd9bb840ca7ebbd78e4cd4179d782edb65acb9333139e1419f7,source_curated,,,trusted iNaturalist research-grade community label
inaturalist,inat_294070067_1548646,microhyla_fissipes,Microhyla fissipes,饰纹姬蛙,frog,https://www.inaturalist.org/observations/294070067,https://static.inaturalist.org/sounds/1548646.m4a?1751297786,CC-BY-NC,cc-by-nc,False,"(c) Amaël Borzée, some rights reserved (CC BY-NC)",research,2025-06-30,31.31615613,118.09227656,"Chaohu, CN-AH, CN",,inaturalist_observation_294070067,data\raw\inaturalist\microhyla_fissipes\inat_294070067_1548646.m4a,5d3f13102598c05bc8e4dc2c528d96fe9307c320a4a1fa2996829823c9ab7a0a,source_curated,,,trusted iNaturalist research-grade community label
inaturalist,inat_294082761_1548720,microhyla_fissipes,Microhyla fissipes,饰纹姬蛙,frog,https://www.inaturalist.org/observations/294082761,https://static.inaturalist.org/sounds/1548720.m4a?1751300665,CC-BY-NC,cc-by-nc,False,"(c) Amaël Borzée, some rights reserved (CC BY-NC)",research,2025-07-01,31.37642536,118.19149691,"Chaohu, CN-AH, CN",,inaturalist_observation_294082761,data\raw\inaturalist\microhyla_fissipes\inat_294082761_1548720.m4a,29a3e4e6f69e2140c2ac61c20b5451b76687ce38af0e0748f25512a37948cc77,source_curated,,,trusted iNaturalist research-grade community label
inaturalist,inat_306160762_1603629,microhyla_fissipes,Microhyla fissipes,饰纹姬蛙,frog,https://www.inaturalist.org/observations/306160762,https://static.inaturalist.org/sounds/1603629.mp3?1755139429,CC-BY-NC,cc-by-nc,False,"(c) wresy, some rights reserved (CC BY-NC)",research,2025-07-14,26.8838399722,120.016326,"Ningde, CN-FJ, CN",,inaturalist_observation_306160762,data\raw\inaturalist\microhyla_fissipes\inat_306160762_1603629.mp3,d1973add782f5ba4a7d678d8ed857bb7b6b58e2073492cf65454b95b47aad4fd,source_curated,,,trusted iNaturalist research-grade community label
inaturalist,inat_307959565_1611149,microhyla_fissipes,Microhyla fissipes,饰纹姬蛙,frog,https://www.inaturalist.org/observations/307959565,https://static.inaturalist.org/sounds/1611149.mp3?1755783984,CC-BY-NC,cc-by-nc,False,"(c) nancyecho22, some rights reserved (CC BY-NC)",research,2025-08-21,32.2420454,117.57111181,"Chuzhou, CN-AH, CN",,inaturalist_observation_307959565,data\raw\inaturalist\microhyla_fissipes\inat_307959565_1611149.mp3,66560c34cf8cb135470eb7806a7e361df1a3448a39d4f048211a84822cefe065,source_curated,,,trusted iNaturalist research-grade community label
inaturalist,inat_318596681_1657228,microhyla_fissipes,Microhyla fissipes,饰纹姬蛙,frog,https://www.inaturalist.org/observations/318596681,https://static.inaturalist.org/sounds/1657228.mp3?1759575036,CC-BY-NC,cc-by-nc,False,"(c) xhttttttt, some rights reserved (CC BY-NC)",research,2025-10-04,32.849649,120.358553,"Yancheng, CN-JS, CN",,inaturalist_observation_318596681,data\raw\inaturalist\microhyla_fissipes\inat_318596681_1657228.mp3,c0a46ea2e9f16f7fd4c7b4cce53db41a04806159d2c56ee88a43f5ae016763c8,source_curated,,,trusted iNaturalist research-grade community label
inaturalist,inat_354280290_1894119,microhyla_fissipes,Microhyla fissipes,饰纹姬蛙,frog,https://www.inaturalist.org/observations/354280290,https://static.inaturalist.org/sounds/1894119.m4a?1777201285,CC-BY-NC,cc-by-nc,False,"(c) Dallin Kohler, some rights reserved (CC BY-NC)",research,2026-04-26,30.2576266514,120.1288466812,中国浙江省杭州市西湖区7469+M53 邮政编码: 310058,,inaturalist_observation_354280290,data\raw\inaturalist\microhyla_fissipes\inat_354280290_1894119.m4a,7dd7940651441b6752cf426fe4ff4c1f6a9b87430fe80d1a7ad487b14d4b3e51,source_curated,,,trusted iNaturalist research-grade community label
inaturalist,inat_381053637_2070654,nidirana_mangveni,Nidirana mangveni,孟闻琴蛙,frog,https://www.inaturalist.org/observations/381053637,https://static.inaturalist.org/sounds/2070654.mp3?1783955406,CC-BY-NC,cc-by-nc,False,"(c) Biswas Sajib, some rights reserved (CC BY-NC)",research,2026-07-13,29.19824055,118.11333809,"China, 324306",,inaturalist_observation_381053637,data\raw\inaturalist\nidirana_mangveni\inat_381053637_2070654.mp3,1412a638a96f4d5900351028ae4ff9b1693902187bf8d45c961172ba30b2c891,source_curated,,,trusted iNaturalist research-grade community label
inaturalist,inat_381053908_2070655,nidirana_mangveni,Nidirana mangveni,孟闻琴蛙,frog,https://www.inaturalist.org/observations/381053908,https://static.inaturalist.org/sounds/2070655.mp3?1783955452,CC-BY-NC,cc-by-nc,False,"(c) Biswas Sajib, some rights reserved (CC BY-NC)",research,2026-07-13,29.19819337,118.11326183,"China, 324306",,inaturalist_observation_381053908,data\raw\inaturalist\nidirana_mangveni\inat_381053908_2070655.mp3,ebae9c6707985a6c45770c8c88c57ee0b67bcbd6335337ff31a565dce6932fe0,source_curated,,,trusted iNaturalist research-grade community label
inaturalist,inat_381054123_2070657,nidirana_mangveni,Nidirana mangveni,孟闻琴蛙,frog,https://www.inaturalist.org/observations/381054123,https://static.inaturalist.org/sounds/2070657.mp3?1783955498,CC-BY-NC,cc-by-nc,False,"(c) Biswas Sajib, some rights reserved (CC BY-NC)",research,2026-07-13,29.1983099,118.11334792,"China, 324306",,inaturalist_observation_381054123,data\raw\inaturalist\nidirana_mangveni\inat_381054123_2070657.mp3,bd3c2be79cfc7909a51bbb2018af0b12ac3acfd3b39f69ee22a2cd041c59490d,source_curated,,,trusted iNaturalist research-grade community label
inaturalist,inat_96244553_309706,nidirana_mangveni,Nidirana mangveni,孟闻琴蛙,frog,https://www.inaturalist.org/observations/96244553,https://static.inaturalist.org/sounds/309706.wav?1632673888,CC-BY-NC,cc-by-nc,False,"(c) Amaël Borzée, some rights reserved (CC BY-NC)",research,2021-09-27,29.67441033,120.00091696,"Shaoxing, CN-ZJ, CN",,inaturalist_observation_96244553,data\raw\inaturalist\nidirana_mangveni\inat_96244553_309706.wav,7d9cc5820f1218f484ac667f0dcd025d342ba678f71bbab04a41a647221bb246,source_curated,,,trusted iNaturalist research-grade community label
inaturalist,inat_376847863_2050502,other_frog,Hyla chinensis,其他蛙类,frog,https://www.inaturalist.org/observations/376847863,https://static.inaturalist.org/sounds/2050502.m4a?1782828932,CC0,cc0,True,no rights reserved,research,2026-06-30,30.0019595523,122.3319538591,"普陀区海岛公园, 舟山市, 浙江省, CN",,inaturalist_observation_376847863,data\raw\inaturalist\other_frog\inat_376847863_2050502.m4a,a519c5d27555005cd344ddb764a805e1740acd990fa801abc1ebb2ae4743531f,source_curated,,,trusted iNaturalist research-grade community label
inaturalist,inat_376848663_2050509,other_frog,Hyla chinensis,其他蛙类,frog,https://www.inaturalist.org/observations/376848663,https://static.inaturalist.org/sounds/2050509.m4a?1782829143,CC0,cc0,True,no rights reserved,research,2026-06-30,30.0016377549,122.3315735972,"普陀区海岛公园, 舟山市, 浙江省, CN",,inaturalist_observation_376848663,data\raw\inaturalist\other_frog\inat_376848663_2050509.m4a,16ffb99cbb3809039e3ce580e6f5267daab1c25d9317ec6046c1bdb9f186eabc,source_curated,,,trusted iNaturalist research-grade community label
inaturalist,inat_377168154_2055709,other_frog,Hyla chinensis,其他蛙类,frog,https://www.inaturalist.org/observations/377168154,https://static.inaturalist.org/sounds/2055709.wav?1783142113,CC-BY-NC,cc-by-nc,False,"(c) campbellfmh, some rights reserved (CC BY-NC)",research,2026-07-01,30.573382,119.428392,"China, 313304",,inaturalist_observation_377168154,data\raw\inaturalist\other_frog\inat_377168154_2055709.wav,8581f74ab2b730337217f78b1df84bd4891e2d954ef3e1ef861d737dbca6b52e,source_curated,,,trusted iNaturalist research-grade community label
inaturalist,inat_377806290_2055090,other_frog,Hyla chinensis,其他蛙类,frog,https://www.inaturalist.org/observations/377806290,https://static.inaturalist.org/sounds/2055090.m4a?1783102904,CC0,cc0,True,no rights reserved,research,2026-07-04,29.9611879309,122.1139443968,"Zhoushan, CN-ZJ, CN",,inaturalist_observation_377806290,data\raw\inaturalist\other_frog\inat_377806290_2055090.m4a,5062cba07d33ee78ccc2307c6707b92ad8fe71d5990dfceb7268703a4d5863d1,source_curated,,,trusted iNaturalist research-grade community label
inaturalist,inat_377806425_2055093,other_frog,Hyla chinensis,其他蛙类,frog,https://www.inaturalist.org/observations/377806425,https://static.inaturalist.org/sounds/2055093.m4a?1783102943,CC0,cc0,True,no rights reserved,research,2026-07-04,29.8137398619,122.1094586365,"Zhoushan, CN-ZJ, CN",,inaturalist_observation_377806425,data\raw\inaturalist\other_frog\inat_377806425_2055093.m4a,786472fb927ae5083fcb7b946e99a4e1a76e7c1d2d2bed807fbf3d3ffc123ed6,source_curated,,,trusted iNaturalist research-grade community label
inaturalist,inat_377806808_2055094,other_frog,Hyla chinensis,其他蛙类,frog,https://www.inaturalist.org/observations/377806808,https://static.inaturalist.org/sounds/2055094.m4a?1783103030,CC0,cc0,True,no rights reserved,research,2026-07-04,29.9771135193,122.168118245,"如心小镇景区, 舟山市, 浙江省, CN",,inaturalist_observation_377806808,data\raw\inaturalist\other_frog\inat_377806808_2055094.m4a,f4df573059b9e9db14f461cb68d6e03ab5b0948f860ad077eded663b4329d58d,source_curated,,,trusted iNaturalist research-grade community label
inaturalist,inat_377807746_2055103,other_frog,Hyla chinensis,其他蛙类,frog,https://www.inaturalist.org/observations/377807746,https://static.inaturalist.org/sounds/2055103.m4a?1783103241,CC0,cc0,True,no rights reserved,research,2026-07-04,29.8613296281,122.1449675514,"Zhoushan, CN-ZJ, CN",,inaturalist_observation_377807746,data\raw\inaturalist\other_frog\inat_377807746_2055103.m4a,ed8c46b7c0de4f51e7d8870369e0b39ff9f0b2dc9f97218428837cd3fc34aa73,source_curated,,,trusted iNaturalist research-grade community label
inaturalist,inat_377808765_2055111,other_frog,Hyla chinensis,其他蛙类,frog,https://www.inaturalist.org/observations/377808765,https://static.inaturalist.org/sounds/2055111.m4a?1783103499,CC0,cc0,True,no rights reserved,research,2026-07-04,29.9910375392,122.1028064253,"Zhoushan, CN-ZJ, CN",,inaturalist_observation_377808765,data\raw\inaturalist\other_frog\inat_377808765_2055111.m4a,b315ba613ff9d2f796b6856950f5f907f6e40dff3918db76aed91d272d5e314f,source_curated,,,trusted iNaturalist research-grade community label
inaturalist,inat_381404485_2072097,other_frog,Kaloula pulchra,其他蛙类,frog,https://www.inaturalist.org/observations/381404485,https://static.inaturalist.org/sounds/2072097.m4a?1784045514,CC-BY-NC,cc-by-nc,False,"(c) 虹, some rights reserved (CC BY-NC)",research,2026-07-15,23.7244556359,111.9003026534,"Zhaoqing, CN-GD, CN",,inaturalist_observation_381404485,data\raw\inaturalist\other_frog\inat_381404485_2072097.m4a,afd3497d2f7f0a9cddda81e54b06b4f51c6cc886a3dc25f356e902c3d571739a,source_curated,,,trusted iNaturalist research-grade community label
inaturalist,inat_384180199_2084101,other_frog,Nidirana leishanensis,其他蛙类,frog,https://www.inaturalist.org/observations/384180199,https://static.inaturalist.org/sounds/2084101.wav?1784792931,CC-BY-NC,cc-by-nc,False,"(c) orientalstork, some rights reserved (CC BY-NC)",research,2026-07-23,25.9908293105,108.6273951083,"Qiandongnan Miao and Dong, CN-GZ, CN",,inaturalist_observation_384180199,data\raw\inaturalist\other_frog\inat_384180199_2084101.wav,fb16e0b2066dcba72714ae661fee4511a617be3cc10d7af9c915b0de25d9cc4e,source_curated,,,trusted iNaturalist research-grade community label
inaturalist,inat_384883736_2087230,other_frog,Polypedates braueri,其他蛙类,frog,https://www.inaturalist.org/observations/384883736,https://static.inaturalist.org/sounds/2087230.m4a?1784987731,CC-BY-NC,cc-by-nc,False,"(c) Herpeto-Ichthyo Ecosystems and Lifeforms International Observation Society (HELIOS), some rights reserved (CC BY-NC)",research,2026-07-25,31.0837823067,116.1961126655,"霍山县, 六安市, 安徽省, CN",,inaturalist_observation_384883736,data\raw\inaturalist\other_frog\inat_384883736_2087230.m4a,ec9e78ff139cfc00df2f559337574e41af2357b16d7bcbc8d10ed12534fae411,source_curated,,,trusted iNaturalist research-grade community label
inaturalist,inat_387193321_2098198,other_frog,Boulenophrys daoji,其他蛙类,frog,https://www.inaturalist.org/observations/387193321,https://static.inaturalist.org/sounds/2098198.m4a?1785595048,CC-BY-NC,cc-by-nc,False,"(c) 虹, some rights reserved (CC BY-NC)",research,2026-08-01,29.7066834025,121.1593657932,"Huxi Line, Ningbo, Zhejiang, CN",,inaturalist_observation_387193321,data\raw\inaturalist\other_frog\inat_387193321_2098198.m4a,ebee33bb4190bfd05e1b8181393527f38d1055829e93216f3b38e008a2e3b1ef,source_curated,,,trusted iNaturalist research-grade community label
inaturalist,inat_356776422_1914276,other_insect,Pseudophyllus titan,其他鸣虫,insect,https://www.inaturalist.org/observations/356776422,https://static.inaturalist.org/sounds/1914276.m4a?1777534788,CC0,cc0,True,no rights reserved,research,2026-04-29,21.7063320741,101.6276453063,"Xishuangbanna Dai, CN-YN, CN",,inaturalist_observation_356776422,data\raw\inaturalist\other_insect\inat_356776422_1914276.m4a,3a885729bddf395b434292f2d6ee62dabea6117a80645841d90ac0ecd9483a76,source_curated,,,trusted iNaturalist research-grade community label
inaturalist,inat_359823009_1937708,other_insect,Euconocephalus nasutus,其他鸣虫,insect,https://www.inaturalist.org/observations/359823009,https://static.inaturalist.org/sounds/1937708.m4a?1778331720,CC-BY-NC,cc-by-nc,False,"(c) sgqp, some rights reserved (CC BY-NC)",research,2026-05-09,30.6398698765,103.8210582733,四川省成都市温江区金马,,inaturalist_observation_359823009,data\raw\inaturalist\other_insect\inat_359823009_1937708.m4a,0d9ac8d0704d0ac6116d25505f107dface99eb76e4e8b00bcc9f0d609c7b1c37,source_curated,,,trusted iNaturalist research-grade community label
inaturalist,inat_364298640_1972550,other_insect,Gryllotalpa orientalis,其他鸣虫,insect,https://www.inaturalist.org/observations/364298640,https://static.inaturalist.org/sounds/1972550.m4a?1779546511,CC-BY-NC,cc-by-nc,False,"(c) 维生素, some rights reserved (CC BY-NC)",research,2026-05-23,35.776263,120.026471,"Qingdao, CN-SD, CN",,inaturalist_observation_364298640,data\raw\inaturalist\other_insect\inat_364298640_1972550.m4a,9aaafa166e77a3972be3ec63c5e090deaed6ad0090e0765bfd4e330cee292777,source_curated,,,trusted iNaturalist research-grade community label
inaturalist,inat_366295727_1987217,other_insect,Velarifictorus ornatus,其他鸣虫,insect,https://www.inaturalist.org/observations/366295727,https://static.inaturalist.org/sounds/1987217.m4a?1780051938,CC-BY-NC,cc-by-nc,False,"(c) Hugo Sun, some rights reserved (CC BY-NC)",research,2026-05-29,36.0652287257,120.3558635173,"No.1, Taipingshan Road, Qingdao, Shandong, CN",,inaturalist_observation_366295727,data\raw\inaturalist\other_insect\inat_366295727_1987217.m4a,787b1b4e759ece7c9f1e407a032e3cb1b5f8a33e26658fad32f121c37d6f8fd3,source_curated,,,trusted iNaturalist research-grade community label
inaturalist,inat_370587276_2020550,other_insect,Gryllus bimaculatus,其他鸣虫,insect,https://www.inaturalist.org/observations/370587276,https://static.inaturalist.org/sounds/2020550.m4a?1781401759,CC-BY-NC,cc-by-nc,False,"(c) sgqp, some rights reserved (CC BY-NC)",research,2026-06-11,29.3458916693,102.6584648341,"Ya'an, CN-SC, CN",,inaturalist_observation_370587276,data\raw\inaturalist\other_insect\inat_370587276_2020550.m4a,8acd5fe83d2dc451f8b5dc817a29cacef72728244d9097a57a9ed2300fbbfa8b,source_curated,,,trusted iNaturalist research-grade community label
inaturalist,inat_371543738_2021118,other_insect,Gryllotalpa orientalis,其他鸣虫,insect,https://www.inaturalist.org/observations/371543738,https://static.inaturalist.org/sounds/2021118.m4a?1781432715,CC-BY-NC,cc-by-nc,False,"(c) zerteyua, some rights reserved (CC BY-NC)",research,2026-06-14,29.5497713002,120.818677053,"西五线, 绍兴市, 浙江省, CN",,inaturalist_observation_371543738,data\raw\inaturalist\other_insect\inat_371543738_2021118.m4a,46bfd379d7ef3e009f5f0598ec0400ff14242cc7d297e001fd541a9a8fcada6b,source_curated,,,trusted iNaturalist research-grade community label
inaturalist,inat_373074671_2029754,other_insect,Teleogryllus occipitalis,其他鸣虫,insect,https://www.inaturalist.org/observations/373074671,https://static.inaturalist.org/sounds/2029754.mpga?1781822403,CC-BY-NC,cc-by-nc,False,"(c) 蒋聪怡, some rights reserved (CC BY-NC)",research,2026-06-17,30.3799641282,120.8423151076,中国 浙江省嘉兴市海盐县 澉浦镇海盐县永安公墓南北湖风景名胜区,,inaturalist_observation_373074671,data\raw\inaturalist\other_insect\inat_373074671_2029754.mpga,4a7256eca7c563eeacf537dc85a7adff2338f01991fd094c8efb9f212df4d7a4,source_curated,,,trusted iNaturalist research-grade community label
inaturalist,inat_374305921_2036864,other_insect,Svercacheta siamensis,其他鸣虫,insect,https://www.inaturalist.org/observations/374305921,https://static.inaturalist.org/sounds/2036864.mp3?1782139963,CC-BY-NC,cc-by-nc,False,"(c) 蒋聪怡, some rights reserved (CC BY-NC)",research,2026-06-17,30.3850803527,120.846452415,中国 浙江省嘉兴市海盐县 澉浦镇金九避难处南北湖风景名胜区,,inaturalist_observation_374305921,data\raw\inaturalist\other_insect\inat_374305921_2036864.mp3,4f5b5cb142c2da435d8bf9cd71af8c41f3f60db50a5e0e9474b8810db6a4bc89,source_curated,,,trusted iNaturalist research-grade community label
inaturalist,inat_374306413_2036867,other_insect,Loxoblemmus equestris,其他鸣虫,insect,https://www.inaturalist.org/observations/374306413,https://static.inaturalist.org/sounds/2036867.mp3?1782140014,CC-BY-NC,cc-by-nc,False,"(c) 蒋聪怡, some rights reserved (CC BY-NC)",research,2026-06-17,30.3528985512,120.8711817116,中国 浙江省嘉兴市海盐县 澉浦镇,,inaturalist_observation_374306413,data\raw\inaturalist\other_insect\inat_374306413_2036867.mp3,d946e5cef4fdffe80325595f7bbf1229e7771e2911499284276254ab00d28edf,source_curated,,,trusted iNaturalist research-grade community label
inaturalist,inat_374306413_2036868,other_insect,Loxoblemmus equestris,其他鸣虫,insect,https://www.inaturalist.org/observations/374306413,https://static.inaturalist.org/sounds/2036868.mp3?1782140019,CC-BY-NC,cc-by-nc,False,"(c) 蒋聪怡, some rights reserved (CC BY-NC)",research,2026-06-17,30.3528985512,120.8711817116,中国 浙江省嘉兴市海盐县 澉浦镇,,inaturalist_observation_374306413,data\raw\inaturalist\other_insect\inat_374306413_2036868.mp3,f9272d160d3b5cc4e5f85cc16dcf87ced00ea849dcc76f7f6c7243517694b2ec,source_curated,,,trusted iNaturalist research-grade community label
inaturalist,inat_374306413_2036869,other_insect,Loxoblemmus equestris,其他鸣虫,insect,https://www.inaturalist.org/observations/374306413,https://static.inaturalist.org/sounds/2036869.mp3?1782140025,CC-BY-NC,cc-by-nc,False,"(c) 蒋聪怡, some rights reserved (CC BY-NC)",research,2026-06-17,30.3528985512,120.8711817116,中国 浙江省嘉兴市海盐县 澉浦镇,,inaturalist_observation_374306413,data\raw\inaturalist\other_insect\inat_374306413_2036869.mp3,866fb6540eea7d6d512589aec6b116b4310f836a0351b317f1ca1b7b75894972,source_curated,,,trusted iNaturalist research-grade community label
inaturalist,inat_387152113_2097986,other_insect,Velarifictorus ornatus,其他鸣虫,insect,https://www.inaturalist.org/observations/387152113,https://static.inaturalist.org/sounds/2097986.m4a?1785584897,CC-BY-NC,cc-by-nc,False,"(c) Haruka Riku, some rights reserved (CC BY-NC)",research,2026-08-01,31.33168229,120.73038692,江苏省苏州市吴中区湖东,,inaturalist_observation_387152113,data\raw\inaturalist\other_insect\inat_387152113_2097986.m4a,cff0c7da9446a57e1ea7fcc96ee3736ca1f405a58aa33de9453a9af0ab2aee0d,source_curated,,,trusted iNaturalist research-grade community label
inaturalist,inat_293799187_1547275,pelophylax_nigromaculatus,Pelophylax nigromaculatus,黑斑侧褶蛙,frog,https://www.inaturalist.org/observations/293799187,https://static.inaturalist.org/sounds/1547275.m4a?1751218463,CC-BY-NC,cc-by-nc,False,"(c) Amaël Borzée, some rights reserved (CC BY-NC)",research,2025-06-30,30.3581544,112.6944915,"Qianjiang, CN-HU, CN",,inaturalist_observation_293799187,data\raw\inaturalist\pelophylax_nigromaculatus\inat_293799187_1547275.m4a,92d4d3373ff072fe88c4d8ca6e9f69cc4bdb06b1b0afce81badd03148e9dbc50,source_curated,,,trusted iNaturalist research-grade community label
inaturalist,inat_294050715_1548520,pelophylax_nigromaculatus,Pelophylax nigromaculatus,黑斑侧褶蛙,frog,https://www.inaturalist.org/observations/294050715,https://static.inaturalist.org/sounds/1548520.m4a?1751293241,CC-BY-NC,cc-by-nc,False,"(c) Amaël Borzée, some rights reserved (CC BY-NC)",research,2025-06-30,31.21834701,117.9969382,"Chaohu, CN-AH, CN",,inaturalist_observation_294050715,data\raw\inaturalist\pelophylax_nigromaculatus\inat_294050715_1548520.m4a,a58add286baa8f4da924dcd334adb70a57e513d59b2a762b20ec61e7ab6400bc,source_curated,,,trusted iNaturalist research-grade community label
inaturalist,inat_294053605_1548546,pelophylax_nigromaculatus,Pelophylax nigromaculatus,黑斑侧褶蛙,frog,https://www.inaturalist.org/observations/294053605,https://static.inaturalist.org/sounds/1548546.m4a?1751293905,CC-BY-NC,cc-by-nc,False,"(c) Amaël Borzée, some rights reserved (CC BY-NC)",research,2025-06-30,31.23989965,117.99744779,"Chaohu, CN-AH, CN",,inaturalist_observation_294053605,data\raw\inaturalist\pelophylax_nigromaculatus\inat_294053605_1548546.m4a,9d077f4152f06365f779661b424d2104335e1e341860634c3bd18aa457ca104d,source_curated,,,trusted iNaturalist research-grade community label
inaturalist,inat_294053989_1548554,pelophylax_nigromaculatus,Pelophylax nigromaculatus,黑斑侧褶蛙,frog,https://www.inaturalist.org/observations/294053989,https://static.inaturalist.org/sounds/1548554.m4a?1751294021,CC-BY-NC,cc-by-nc,False,"(c) Amaël Borzée, some rights reserved (CC BY-NC)",research,2025-06-30,31.24217438,117.99837445,"Chaohu, CN-AH, CN",,inaturalist_observation_294053989,data\raw\inaturalist\pelophylax_nigromaculatus\inat_294053989_1548554.m4a,a98fb32c5a14e0ea90e74205a25af1e9274fc9b256718e81e74625b2a6ae4c65,source_curated,,,trusted iNaturalist research-grade community label
inaturalist,inat_294057220_1548579,pelophylax_nigromaculatus,Pelophylax nigromaculatus,黑斑侧褶蛙,frog,https://www.inaturalist.org/observations/294057220,https://static.inaturalist.org/sounds/1548579.m4a?1751294799,CC-BY-NC,cc-by-nc,False,"(c) Amaël Borzée, some rights reserved (CC BY-NC)",research,2025-06-30,31.26276697,117.99987833,"Chaohu, CN-AH, CN",,inaturalist_observation_294057220,data\raw\inaturalist\pelophylax_nigromaculatus\inat_294057220_1548579.m4a,1bd83ae52ad3057417536b279a7915475dc2bea2c2014eab4a94d5f031934c9e,source_curated,,,trusted iNaturalist research-grade community label
inaturalist,inat_294060476_1548598,pelophylax_nigromaculatus,Pelophylax nigromaculatus,黑斑侧褶蛙,frog,https://www.inaturalist.org/observations/294060476,https://static.inaturalist.org/sounds/1548598.m4a?1751295515,CC-BY-NC,cc-by-nc,False,"(c) Amaël Borzée, some rights reserved (CC BY-NC)",research,2025-06-30,31.30440368,118.01970253,"Chaohu, CN-AH, CN",,inaturalist_observation_294060476,data\raw\inaturalist\pelophylax_nigromaculatus\inat_294060476_1548598.m4a,eebf1d3c553cdba0a32aadc4372e39a3be773a8d7901a5d4bfd9f9caebc1562a,source_curated,,,trusted iNaturalist research-grade community label
inaturalist,inat_294069048_1548644,pelophylax_nigromaculatus,Pelophylax nigromaculatus,黑斑侧褶蛙,frog,https://www.inaturalist.org/observations/294069048,https://static.inaturalist.org/sounds/1548644.m4a?1751297601,CC-BY-NC,cc-by-nc,False,"(c) Amaël Borzée, some rights reserved (CC BY-NC)",research,2025-06-30,31.31734953,118.08426867,"Chaohu, CN-AH, CN",,inaturalist_observation_294069048,data\raw\inaturalist\pelophylax_nigromaculatus\inat_294069048_1548644.m4a,92875be189a06a0f2fe701fab791e1e48a3f24f45831ba61a643cf2378b8b804,source_curated,,,trusted iNaturalist research-grade community label
inaturalist,inat_294081652_1548711,pelophylax_nigromaculatus,Pelophylax nigromaculatus,黑斑侧褶蛙,frog,https://www.inaturalist.org/observations/294081652,https://static.inaturalist.org/sounds/1548711.m4a?1751300391,CC-BY-NC,cc-by-nc,False,"(c) Amaël Borzée, some rights reserved (CC BY-NC)",research,2025-07-01,31.37746271,118.16238408,"Chaohu, CN-AH, CN",,inaturalist_observation_294081652,data\raw\inaturalist\pelophylax_nigromaculatus\inat_294081652_1548711.m4a,66debb7e505059e3b349f103048b94efd4d30433aec46b7acd688cf7f6dc7b18,source_curated,,,trusted iNaturalist research-grade community label
inaturalist,inat_348907269_1852169,pelophylax_nigromaculatus,Pelophylax nigromaculatus,黑斑侧褶蛙,frog,https://www.inaturalist.org/observations/348907269,https://static.inaturalist.org/sounds/1852169.wav?1775897383,CC-BY-NC,cc-by-nc,False,"(c) khola, some rights reserved (CC BY-NC)",research,2026-04-11,36.7219361004,117.0677549632,中国山东省济南市历城区,,inaturalist_observation_348907269,data\raw\inaturalist\pelophylax_nigromaculatus\inat_348907269_1852169.wav,ee9727621760909745c1d1b6d140899bbca2f952c66ecff1f8c265281a6ffcfc,source_curated,,,trusted iNaturalist research-grade community label
inaturalist,inat_361816763_1952904,pelophylax_nigromaculatus,Pelophylax nigromaculatus,黑斑侧褶蛙,frog,https://www.inaturalist.org/observations/361816763,https://static.inaturalist.org/sounds/1952904.m4a?1778881675,CC-BY-NC,cc-by-nc,False,"(c) 虹, some rights reserved (CC BY-NC)",research,2026-05-15,31.149149733,119.979747211,China,,inaturalist_observation_361816763,data\raw\inaturalist\pelophylax_nigromaculatus\inat_361816763_1952904.m4a,0e1c5daa5f3584ae729e97f1b0a5977eaa65bc777e11267f008ee2a6b2196e05,source_curated,,,trusted iNaturalist research-grade community label
inaturalist,inat_366293035_1987199,pelophylax_nigromaculatus,Pelophylax nigromaculatus,黑斑侧褶蛙,frog,https://www.inaturalist.org/observations/366293035,https://static.inaturalist.org/sounds/1987199.m4a?1780050843,CC-BY-NC,cc-by-nc,False,"(c) Hugo Sun, some rights reserved (CC BY-NC)",research,2026-05-29,36.0625665357,120.3530248894,"Taipingshan Greenway, Qingdao, Shandong, CN",,inaturalist_observation_366293035,data\raw\inaturalist\pelophylax_nigromaculatus\inat_366293035_1987199.m4a,ebe735f07683ab0106bbbac5a86045bd6cb5240c9aa424fa2df7a1741a564da7,source_curated,,,trusted iNaturalist research-grade community label
inaturalist,inat_374578731_2038685,pelophylax_nigromaculatus,Pelophylax nigromaculatus,黑斑侧褶蛙,frog,https://www.inaturalist.org/observations/374578731,https://static.inaturalist.org/sounds/2038685.m4a?1782217557,CC-BY-NC,cc-by-nc,False,"(c) Amaël Borzée, some rights reserved (CC BY-NC)",research,2026-06-23,43.9975833333,125.3985283333,"China Kuancheng, Changchun, Jilin Changchun New Area",,inaturalist_observation_374578731,data\raw\inaturalist\pelophylax_nigromaculatus\inat_374578731_2038685.m4a,281b90c19ed7d1cb9ef16a6b07c4fef03e91e6e28a267fc379d1803c4a44df01,source_curated,,,trusted iNaturalist research-grade community label
inaturalist,inat_310165088_1619787,streeyola_mongolica,Streeyola mongolica,蒙古寒蝉,insect,https://www.inaturalist.org/observations/310165088,https://static.inaturalist.org/sounds/1619787.m4a?1756548910,CC-BY-NC,cc-by-nc,False,"(c) zerteyua, some rights reserved (CC BY-NC)",research,2025-08-30,29.5499118883,120.8185090778,"西五线, 绍兴市, 浙江省, CN",,inaturalist_observation_310165088,data\raw\inaturalist\streeyola_mongolica\inat_310165088_1619787.m4a,877bfeb6c9ac15721a82c7086a08fde466c762135f7c9f9739ae8b314bdb9caa,source_curated,,,trusted iNaturalist research-grade community label
inaturalist,inat_371545156_2021146,streeyola_mongolica,Streeyola mongolica,蒙古寒蝉,insect,https://www.inaturalist.org/observations/371545156,https://static.inaturalist.org/sounds/2021146.m4a?1781433170,CC-BY-NC,cc-by-nc,False,"(c) Hugo Sun, some rights reserved (CC BY-NC)",research,2026-06-14,31.1367237106,121.2387822626,"Liuxia Road, Shanghai, CN",,inaturalist_observation_371545156,data\raw\inaturalist\streeyola_mongolica\inat_371545156_2021146.m4a,a8a9fc899630b13201a167053ec13d8febca95aa8c0aa4addd6e336925fb8315,source_curated,,,trusted iNaturalist research-grade community label
inaturalist,inat_373449727_2032033,streeyola_mongolica,Streeyola mongolica,蒙古寒蝉,insect,https://www.inaturalist.org/observations/373449727,https://static.inaturalist.org/sounds/2032033.wav?1781928110,CC-BY-NC,cc-by-nc,False,"(c) 蝉之风韵, some rights reserved (CC BY-NC)",research,2026-06-20,32.0240465,118.8986535,"Nanjing, CN-JS, CN",,inaturalist_observation_373449727,data\raw\inaturalist\streeyola_mongolica\inat_373449727_2032033.wav,8b3bbfbcf64ab9029aa38dae9f515fc67d40a846c30fa01e15d8b535d25a36a7,source_curated,,,trusted iNaturalist research-grade community label
inaturalist,inat_373518696_2032455,streeyola_mongolica,Streeyola mongolica,蒙古寒蝉,insect,https://www.inaturalist.org/observations/373518696,https://static.inaturalist.org/sounds/2032455.m4a?1781953707,CC-BY-NC,cc-by-nc,False,"(c) zerteyua, some rights reserved (CC BY-NC)",research,2026-06-20,29.5484300098,120.8203549405,"嵊州市, 绍兴市, 浙江省, CN",,inaturalist_observation_373518696,data\raw\inaturalist\streeyola_mongolica\inat_373518696_2032455.m4a,26cf71a68c6b8526b80b07554c6473573c9ff72a15ced8d2becf037903eb2c6d,source_curated,,,trusted iNaturalist research-grade community label
inaturalist,inat_376549696_2055733,streeyola_mongolica,Streeyola mongolica,蒙古寒蝉,insect,https://www.inaturalist.org/observations/376549696,https://static.inaturalist.org/sounds/2055733.wav?1783143392,CC-BY-NC,cc-by-nc,False,"(c) campbellfmh, some rights reserved (CC BY-NC)",research,2026-06-29,31.38132,120.922593,"China, Su Zhou Shi, Kun Shan Shi, 前进路江浦路 邮政编码: 215399",,inaturalist_observation_376549696,data\raw\inaturalist\streeyola_mongolica\inat_376549696_2055733.wav,72566e5157dd14ca4543b34395057507070ff743747daac864ca23df46d0a9d1,source_curated,,,trusted iNaturalist research-grade community label
inaturalist,inat_376549696_2055734,streeyola_mongolica,Streeyola mongolica,蒙古寒蝉,insect,https://www.inaturalist.org/observations/376549696,https://static.inaturalist.org/sounds/2055734.wav?1783143398,CC-BY-NC,cc-by-nc,False,"(c) campbellfmh, some rights reserved (CC BY-NC)",research,2026-06-29,31.38132,120.922593,"China, Su Zhou Shi, Kun Shan Shi, 前进路江浦路 邮政编码: 215399",,inaturalist_observation_376549696,data\raw\inaturalist\streeyola_mongolica\inat_376549696_2055734.wav,86f47e2cdfafe9dc8becf079e30e159b3bd9596078292306bc9d1d3a528f9b25,source_curated,,,trusted iNaturalist research-grade community label
inaturalist,inat_378283108_2057370,streeyola_mongolica,Streeyola mongolica,蒙古寒蝉,insect,https://www.inaturalist.org/observations/378283108,https://static.inaturalist.org/sounds/2057370.mp3?1783224956,CC-BY-NC,cc-by-nc,False,"(c) 蒋聪怡, some rights reserved (CC BY-NC)",research,2026-07-02,30.5356078118,120.9786648676,"Jiaxing, CN-ZJ, CN",,inaturalist_observation_378283108,data\raw\inaturalist\streeyola_mongolica\inat_378283108_2057370.mp3,cf5f695366944ee872ee0c8d02f1c245e137d5c0cbecda4e7b23b8a163f6e2c1,source_curated,,,trusted iNaturalist research-grade community label
inaturalist,inat_382833767_2078279,streeyola_mongolica,Streeyola mongolica,蒙古寒蝉,insect,https://www.inaturalist.org/observations/382833767,https://static.inaturalist.org/sounds/2078279.m4a?1784438422,CC-BY-NC,cc-by-nc,False,"(c) 哈基人, some rights reserved (CC BY-NC)",research,2026-07-19,31.6614864359,121.5946557222,"Shanghai, Shanghai, CN",,inaturalist_observation_382833767,data\raw\inaturalist\streeyola_mongolica\inat_382833767_2078279.m4a,232dceb3ffc3a16b850ea65e8ab4e302421ced3d294fd6ad28b5ad5f72c3501f,source_curated,,,trusted iNaturalist research-grade community label
inaturalist,inat_382956714_2078800,streeyola_mongolica,Streeyola mongolica,蒙古寒蝉,insect,https://www.inaturalist.org/observations/382956714,https://static.inaturalist.org/sounds/2078800.m4a?1784473447,CC-BY-NC,cc-by-nc,False,"(c) xqxd, some rights reserved (CC BY-NC)",research,2026-07-19,31.1095423721,121.2327427991,中国上海市松江区,,inaturalist_observation_382956714,data\raw\inaturalist\streeyola_mongolica\inat_382956714_2078800.m4a,73d132e8350020e11f8ac26e20e86fe8f26a9b6678e13ffeaf109348ba1eca76,source_curated,,,trusted iNaturalist research-grade community label
inaturalist,inat_384538432_2085611,streeyola_mongolica,Streeyola mongolica,蒙古寒蝉,insect,https://www.inaturalist.org/observations/384538432,https://static.inaturalist.org/sounds/2085611.m4a?1784898298,CC-BY-NC,cc-by-nc,False,"(c) Baixun Xun, some rights reserved (CC BY-NC)",research,2026-07-24,36.06347217,120.33540619,"Qingdao, CN-SD, CN",,inaturalist_observation_384538432,data\raw\inaturalist\streeyola_mongolica\inat_384538432_2085611.m4a,f0be66ca7fc5067d34a8ce734c3794f104753e49ed4f4ae4c58cdf3b04f6e101,source_curated,,,trusted iNaturalist research-grade community label
inaturalist,inat_384813970_2086847,streeyola_mongolica,Streeyola mongolica,蒙古寒蝉,insect,https://www.inaturalist.org/observations/384813970,https://static.inaturalist.org/sounds/2086847.m4a?1784965734,CC-BY-NC,cc-by-nc,False,"(c) 哈基人, some rights reserved (CC BY-NC)",research,2026-07-25,31.395451,121.482722,中国 上海市宝山区 淞宝,,inaturalist_observation_384813970,data\raw\inaturalist\streeyola_mongolica\inat_384813970_2086847.m4a,0f716fec1e090723f7a2091e0fa8798529e3f04bc280c8838c74026a984de2f0,source_curated,,,trusted iNaturalist research-grade community label
inaturalist,inat_385925730_2092124,streeyola_mongolica,Streeyola mongolica,蒙古寒蝉,insect,https://www.inaturalist.org/observations/385925730,https://static.inaturalist.org/sounds/2092124.m4a?1785239542,CC-BY-NC,cc-by-nc,False,"(c) Heran Wang, some rights reserved (CC BY-NC)",research,2026-07-28,39.9586024835,116.3936999908,"Beijing, Beijing, CN",,inaturalist_observation_385925730,data\raw\inaturalist\streeyola_mongolica\inat_385925730_2092124.m4a,e2e4690997b631fb57328f6228696a6a556014ea1b6381083ce31d524ac3c7dd,source_curated,,,trusted iNaturalist research-grade community label
inaturalist,inat_135125357_536156,teleogryllus_emma,Teleogryllus emma,黄脸油葫芦,insect,https://www.inaturalist.org/observations/135125357,https://static.inaturalist.org/sounds/536156.m4a?1663255852,CC-BY-NC,cc-by-nc,False,"(c) rdrl, some rights reserved (CC BY-NC)",research,2022-09-15,40.034234,116.453779,"来广营, 北京市, CN",,inaturalist_observation_135125357,data\raw\inaturalist\teleogryllus_emma\inat_135125357_536156.m4a,8f83a6a22a8f1cdfd28620d4950bc45c9ab87243bd9513b21080be342766f8f3,source_curated,,,trusted iNaturalist research-grade community label
inaturalist,inat_178532883_793185,teleogryllus_emma,Teleogryllus emma,黄脸油葫芦,insect,https://www.inaturalist.org/observations/178532883,https://static.inaturalist.org/sounds/793185.wav?1692109825,CC-BY-NC,cc-by-nc,False,"(c) Amaël Borzée, some rights reserved (CC BY-NC)",research,2023-08-15,31.14942652,121.75376472,"Shanghai, Shanghai, CN",,inaturalist_observation_178532883,data\raw\inaturalist\teleogryllus_emma\inat_178532883_793185.wav,8a0910af94d11960df473c978a97ba9e0b47be03902cae4fb682e111067c0946,source_curated,,,trusted iNaturalist research-grade community label
inaturalist,inat_238578047_1188245,teleogryllus_emma,Teleogryllus emma,黄脸油葫芦,insect,https://www.inaturalist.org/observations/238578047,https://static.inaturalist.org/sounds/1188245.m4a?1724932370,CC-BY-NC,cc-by-nc,False,"(c) Pin-Tsen JIN, some rights reserved (CC BY-NC)",research,2024-08-29,29.9798149267,122.1643146534,"如心小镇景区, 舟山市, 浙江省, CN",,inaturalist_observation_238578047,data\raw\inaturalist\teleogryllus_emma\inat_238578047_1188245.m4a,e397a220906c33df90f8a2b94117709c18644e20b23adc677edac3416db04de4,source_curated,,,trusted iNaturalist research-grade community label
inaturalist,inat_238606579_1188421,teleogryllus_emma,Teleogryllus emma,黄脸油葫芦,insect,https://www.inaturalist.org/observations/238606579,https://static.inaturalist.org/sounds/1188421.m4a?1724944413,CC-BY-NC,cc-by-nc,False,"(c) teleo-cubo, some rights reserved (CC BY-NC)",research,2024-08-29,39.4735759417,75.995488674,"喀什古城景区, 喀什地区, 新疆维吾尔自治区, CN",,inaturalist_observation_238606579,data\raw\inaturalist\teleogryllus_emma\inat_238606579_1188421.m4a,c31a73d3ca082db8f90fd2be20c675b08c4ada001b3bb248577381ae6788c0ce,source_curated,,,trusted iNaturalist research-grade community label
inaturalist,inat_243287419_1208037,teleogryllus_emma,Teleogryllus emma,黄脸油葫芦,insect,https://www.inaturalist.org/observations/243287419,https://static.inaturalist.org/sounds/1208037.m4a?1726995063,CC-BY-NC,cc-by-nc,False,"(c) teleo-cubo, some rights reserved (CC BY-NC)",research,2024-09-22,39.9654767256,116.5720834403,"东坝, 北京市, CN",,inaturalist_observation_243287419,data\raw\inaturalist\teleogryllus_emma\inat_243287419_1208037.m4a,2d69426f6c19d9cbd457fcc3245a2393d55a1ef2cee3c91283d37e68715451e0,source_curated,,,trusted iNaturalist research-grade community label
inaturalist,inat_245021737_1219190,teleogryllus_emma,Teleogryllus emma,黄脸油葫芦,insect,https://www.inaturalist.org/observations/245021737,https://static.inaturalist.org/sounds/1219190.m4a?1727756940,CC-BY-NC,cc-by-nc,False,"(c) pwz, some rights reserved (CC BY-NC)",research,2024-10-01,30.6331258966,104.1777653341,"龙泉驿区, 成都市, 四川省, CN",,inaturalist_observation_245021737,data\raw\inaturalist\teleogryllus_emma\inat_245021737_1219190.m4a,c9042d00b09c9ce788d825c9f4cb25018fa689217542071e8a22c7713b6cffe4,source_curated,,,trusted iNaturalist research-grade community label
inaturalist,inat_246484122_1225524,teleogryllus_emma,Teleogryllus emma,黄脸油葫芦,insect,https://www.inaturalist.org/observations/246484122,https://static.inaturalist.org/sounds/1225524.m4a?1728487873,CC-BY-NC,cc-by-nc,False,"(c) onikiri, some rights reserved (CC BY-NC)",research,2024-10-09,36.358761,120.684702,"Qingdao, CN-SD, CN",,inaturalist_observation_246484122,data\raw\inaturalist\teleogryllus_emma\inat_246484122_1225524.m4a,5adfbb652b240308652bc7007a47e81de6e500838f4bcdc830d124d88397cce9,source_curated,,,trusted iNaturalist research-grade community label
inaturalist,inat_247570119_1230546,teleogryllus_emma,Teleogryllus emma,黄脸油葫芦,insect,https://www.inaturalist.org/observations/247570119,https://static.inaturalist.org/sounds/1230546.m4a?1729047188,CC-BY-NC,cc-by-nc,False,"(c) teleo-cubo, some rights reserved (CC BY-NC)",research,2024-10-16,36.6338116506,109.5081783745,"鲁艺生态公园, 延安市, 陕西省, CN",,inaturalist_observation_247570119,data\raw\inaturalist\teleogryllus_emma\inat_247570119_1230546.m4a,cf6a1d5596b3e2684f8b033b98e272fa294c7dca7d82da486ebbba0a79f6da4e,source_curated,,,trusted iNaturalist research-grade community label
inaturalist,inat_298405977_1570659,teleogryllus_emma,Teleogryllus emma,黄脸油葫芦,insect,https://www.inaturalist.org/observations/298405977,https://static.inaturalist.org/sounds/1570659.mp3?1752670881,CC-BY-NC,cc-by-nc,False,"(c) potinred, some rights reserved (CC BY-NC)",research,2025-07-16,36.82264071,118.03022356,"Zibo, CN-SD, CN",,inaturalist_observation_298405977,data\raw\inaturalist\teleogryllus_emma\inat_298405977_1570659.mp3,3588df37dd747c72da2050e4bdedd4ab12e124b5acc4d567d65912b91a7f7417,source_curated,,,trusted iNaturalist research-grade community label
inaturalist,inat_305760891_1601857,teleogryllus_emma,Teleogryllus emma,黄脸油葫芦,insect,https://www.inaturalist.org/observations/305760891,https://static.inaturalist.org/sounds/1601857.mp3?1755002749,CC-BY-NC,cc-by-nc,False,"(c) 麻杰夫（common_jeff）, some rights reserved (CC BY-NC)",research,2025-08-11,40.0172572871,116.3955658758,中国北京市朝阳区,,inaturalist_observation_305760891,data\raw\inaturalist\teleogryllus_emma\inat_305760891_1601857.mp3,0333b6b9b7c86450ce2aaedf77776717e0798bbb4f6f335a282f052220fc3f9c,source_curated,,,trusted iNaturalist research-grade community label
inaturalist,inat_305994748_1603032,teleogryllus_emma,Teleogryllus emma,黄脸油葫芦,insect,https://www.inaturalist.org/observations/305994748,https://static.inaturalist.org/sounds/1603032.m4a?1755087890,CC-BY-NC,cc-by-nc,False,"(c) orientalstork, some rights reserved (CC BY-NC)",research,2025-08-13,39.8590649724,116.1554515734,"Beijing, Beijing, CN",,inaturalist_observation_305994748,data\raw\inaturalist\teleogryllus_emma\inat_305994748_1603032.m4a,b9a1a18c318a6953a106023b1ef6b8a06c74e097b947a27eccc5d9ad4e8c3653,source_curated,,,trusted iNaturalist research-grade community label
inaturalist,inat_305994748_1603047,teleogryllus_emma,Teleogryllus emma,黄脸油葫芦,insect,https://www.inaturalist.org/observations/305994748,https://static.inaturalist.org/sounds/1603047.m4a?1755089243,CC-BY-NC,cc-by-nc,False,"(c) orientalstork, some rights reserved (CC BY-NC)",research,2025-08-13,39.8590649724,116.1554515734,"Beijing, Beijing, CN",,inaturalist_observation_305994748,data\raw\inaturalist\teleogryllus_emma\inat_305994748_1603047.m4a,b9a1a18c318a6953a106023b1ef6b8a06c74e097b947a27eccc5d9ad4e8c3653,duplicate,,,duplicate_of:inat_305994748_1603032
inaturalist,inat_132739716_528004,velarifictorus_micado,Velarifictorus micado,迷卡斗蟋,insect,https://www.inaturalist.org/observations/132739716,https://static.inaturalist.org/sounds/528004.wav?1661740578,CC-BY-NC,cc-by-nc,False,"(c) orientalstork, some rights reserved (CC BY-NC)",research,2022-08-26,39.8596808458,116.1639548466,"Beijing, Beijing, CN",,inaturalist_observation_132739716,data\raw\inaturalist\velarifictorus_micado\inat_132739716_528004.wav,6b134f8c961772ff382a0026c823bf77bfa9da0dbabac335d053a2ea02bb81a2,source_curated,,,trusted iNaturalist research-grade community label
inaturalist,inat_132739716_528023,velarifictorus_micado,Velarifictorus micado,迷卡斗蟋,insect,https://www.inaturalist.org/observations/132739716,https://static.inaturalist.org/sounds/528023.wav?1661742695,CC-BY-NC,cc-by-nc,False,"(c) orientalstork, some rights reserved (CC BY-NC)",research,2022-08-26,39.8596808458,116.1639548466,"Beijing, Beijing, CN",,inaturalist_observation_132739716,data\raw\inaturalist\velarifictorus_micado\inat_132739716_528023.wav,86b72ead618b10bf3f95d7497888f893eb91b2abf3f47623021c8112fc7939da,source_curated,,,trusted iNaturalist research-grade community label
inaturalist,inat_136913740_542674,velarifictorus_micado,Velarifictorus micado,迷卡斗蟋,insect,https://www.inaturalist.org/observations/136913740,https://static.inaturalist.org/sounds/542674.wav?1664460460,CC-BY-NC,cc-by-nc,False,"(c) orientalstork, some rights reserved (CC BY-NC)",research,2022-08-29,39.8608508101,116.1699475721,"Beijing, Beijing, CN",,inaturalist_observation_136913740,data\raw\inaturalist\velarifictorus_micado\inat_136913740_542674.wav,84ed8c0373af3fa077b4152bf2fa4479204a5e093fd3c54c0761a9fc56cd81cc,source_curated,,,trusted iNaturalist research-grade community label
inaturalist,inat_244301471_1213219,velarifictorus_micado,Velarifictorus micado,迷卡斗蟋,insect,https://www.inaturalist.org/observations/244301471,https://static.inaturalist.org/sounds/1213219.m4a?1727445220,CC-BY-NC,cc-by-nc,False,"(c) 哈基人, some rights reserved (CC BY-NC)",research,2024-09-27,31.3712828559,121.43668823,"宝启花园, 上海市, CN",,inaturalist_observation_244301471,data\raw\inaturalist\velarifictorus_micado\inat_244301471_1213219.m4a,01a1e7eccc6476b0fce78a0039697a90c558d286d1bc01f8b530123e1c508581,source_curated,,,trusted iNaturalist research-grade community label
inaturalist,inat_305506042_1600937,velarifictorus_micado,Velarifictorus micado,迷卡斗蟋,insect,https://www.inaturalist.org/observations/305506042,https://static.inaturalist.org/sounds/1600937.wav?1754914768,CC-BY-NC,cc-by-nc,False,"(c) 蝉之风韵, some rights reserved (CC BY-NC)",research,2025-08-11,34.6674733333,116.249105,山东省菏泽市单县蔡堂镇草庙,,inaturalist_observation_305506042,data\raw\inaturalist\velarifictorus_micado\inat_305506042_1600937.wav,3f4ef7cbec0e8be6d445be22a80bb9461aecc56174862b387f32fcfe1d6bbba3,source_curated,,,trusted iNaturalist research-grade community label
inaturalist,inat_306486951_1605225,velarifictorus_micado,Velarifictorus micado,迷卡斗蟋,insect,https://www.inaturalist.org/observations/306486951,https://static.inaturalist.org/sounds/1605225.m4a?1755266706,CC-BY-NC,cc-by-nc,False,"(c) orientalstork, some rights reserved (CC BY-NC)",research,2025-08-15,39.9102184371,116.3614750654,中国 北京市西城区 西单,,inaturalist_observation_306486951,data\raw\inaturalist\velarifictorus_micado\inat_306486951_1605225.m4a,a7da174f97b56391ca120a3fa98d4eabbaeb6d431453e054eafad3abff3b3d6e,source_curated,,,trusted iNaturalist research-grade community label
inaturalist,inat_306975649_1607400,velarifictorus_micado,Velarifictorus micado,迷卡斗蟋,insect,https://www.inaturalist.org/observations/306975649,https://static.inaturalist.org/sounds/1607400.m4a?1755430691,CC-BY-NC,cc-by-nc,False,"(c) 维生素, some rights reserved (CC BY-NC)",research,2025-08-17,36.159872,120.503358,"Qingdao, CN-SD, CN",,inaturalist_observation_306975649,data\raw\inaturalist\velarifictorus_micado\inat_306975649_1607400.m4a,6b733e80f7b11bb1a0ca89716fdb22ad815476c2119689f4247d6f53e04721d4,source_curated,,,trusted iNaturalist research-grade community label
inaturalist,inat_308164822_1612000,velarifictorus_micado,Velarifictorus micado,迷卡斗蟋,insect,https://www.inaturalist.org/observations/308164822,https://static.inaturalist.org/sounds/1612000.m4a?1755862001,CC-BY-NC,cc-by-nc,False,"(c) zerteyua, some rights reserved (CC BY-NC)",research,2025-08-22,29.5496250596,120.8183585388,"三江街道上东潭村上岛, 绍兴市, 浙江省, CN",,inaturalist_observation_308164822,data\raw\inaturalist\velarifictorus_micado\inat_308164822_1612000.m4a,412163435b5e755979aa500d24ea68eeded412f93e8905bad61176a0b3efa11c,source_curated,,,trusted iNaturalist research-grade community label
inaturalist,inat_308164822_1612001,velarifictorus_micado,Velarifictorus micado,迷卡斗蟋,insect,https://www.inaturalist.org/observations/308164822,https://static.inaturalist.org/sounds/1612001.m4a?1755862003,CC-BY-NC,cc-by-nc,False,"(c) zerteyua, some rights reserved (CC BY-NC)",research,2025-08-22,29.5496250596,120.8183585388,"三江街道上东潭村上岛, 绍兴市, 浙江省, CN",,inaturalist_observation_308164822,data\raw\inaturalist\velarifictorus_micado\inat_308164822_1612001.m4a,1a3a3f6e7515aa02c9a21a1e539d52a6b8b1c8b1603f0e66220c76b3d05e4420,source_curated,,,trusted iNaturalist research-grade community label
inaturalist,inat_312112155_1628099,velarifictorus_micado,Velarifictorus micado,迷卡斗蟋,insect,https://www.inaturalist.org/observations/312112155,https://static.inaturalist.org/sounds/1628099.mp3?1757219498,CC-BY-NC,cc-by-nc,False,"(c) wresy, some rights reserved (CC BY-NC)",research,2025-07-23,26.883849,120.0045319722,"Ningde, CN-FJ, CN",,inaturalist_observation_312112155,data\raw\inaturalist\velarifictorus_micado\inat_312112155_1628099.mp3,0d7e5e49b310f12869f47e5cc9cd9affb8ec7979122362cf818e7bc3df70529d,source_curated,,,trusted iNaturalist research-grade community label
inaturalist,inat_314966425_1641285,velarifictorus_micado,Velarifictorus micado,迷卡斗蟋,insect,https://www.inaturalist.org/observations/314966425,https://static.inaturalist.org/sounds/1641285.m4a?1758270774,CC-BY-NC,cc-by-nc,False,"(c) 老山敬德, some rights reserved (CC BY-NC)",research,2025-09-19,32.352675,118.810527,中国南京市六合区南京莫愁湖公园 邮政编码: 211500,,inaturalist_observation_314966425,data\raw\inaturalist\velarifictorus_micado\inat_314966425_1641285.m4a,5f5a5c314ff19b94f59b00811fc62315b2e3c30b4f62f1481259332295355d47,source_curated,,,trusted iNaturalist research-grade community label
inaturalist,inat_315569630_1643899,velarifictorus_micado,Velarifictorus micado,迷卡斗蟋,insect,https://www.inaturalist.org/observations/315569630,https://static.inaturalist.org/sounds/1643899.mp3?1758473547,CC-BY-NC,cc-by-nc,False,"(c) marsblast, some rights reserved (CC BY-NC)",research,2025-09-21,36.252098326,120.5332973464,"Qingdao, CN-SD, CN",,inaturalist_observation_315569630,data\raw\inaturalist\velarifictorus_micado\inat_315569630_1643899.mp3,863f473f9d83fe67b777b6435a3ea5517e63010f6de55f5b1f49847e9d7970fa,source_curated,,,trusted iNaturalist research-grade community label
