freesound_id,local_path,decode_status,return_code,codec_stderr,expected_duration_seconds,decoded_duration_seconds,duration_delta_seconds,samplerate,channels
260726,data\raw\freesound\previews\distant_traffic\freesound_260726.mp3,ok,0,,45.388800,45.388821,0.000021,44100,2
269375,data\raw\freesound\previews\distant_traffic\freesound_269375.mp3,ok,0,,35.217000,35.217021,0.000021,48000,2
459464,data\raw\freesound\previews\distant_traffic\freesound_459464.mp3,ok,0,,26.000000,26.000000,0.000000,48000,2
569176,data\raw\freesound\previews\distant_traffic\freesound_569176.mp3,ok,0,,45.554600,45.554649,0.000049,44100,2
680627,data\raw\freesound\previews\distant_traffic\freesound_680627.mp3,ok,0,,29.641900,29.641938,0.000038,48000,2
776260,data\raw\freesound\previews\distant_traffic\freesound_776260.mp3,ok,0,,95.900000,95.900000,0.000000,48000,1
818390,data\raw\freesound\previews\distant_traffic\freesound_818390.mp3,ok,0,,102.000000,102.000000,0.000000,48000,2
838794,data\raw\freesound\previews\distant_traffic\freesound_838794.mp3,ok,0,,6.078670,6.078667,-0.000003,48000,1
846302,data\raw\freesound\previews\distant_traffic\freesound_846302.mp3,ok,0,,25.507500,25.507521,0.000021,48000,2
860931,data\raw\freesound\previews\distant_traffic\freesound_860931.mp3,ok,0,,55.909100,55.909083,-0.000017,48000,2
244311,data\raw\freesound\previews\non_target_soundscape\freesound_244311.mp3,ok,0,,49.676400,49.676396,-0.000004,48000,2
262691,data\raw\freesound\previews\non_target_soundscape\freesound_262691.mp3,ok,0,,90.999500,90.999478,-0.000022,44100,2
459121,data\raw\freesound\previews\non_target_soundscape\freesound_459121.mp3,ok,0,,70.232800,70.232833,0.000033,48000,2
578150,data\raw\freesound\previews\non_target_soundscape\freesound_578150.mp3,ok,0,,59.625000,59.625000,0.000000,48000,2
745236,data\raw\freesound\previews\non_target_soundscape\freesound_745236.mp3,ok,0,,108.067000,108.067479,0.000479,48000,2
840818,data\raw\freesound\previews\non_target_soundscape\freesound_840818.mp3,ok,0,,64.649700,64.649729,0.000029,48000,2
850102,data\raw\freesound\previews\non_target_soundscape\freesound_850102.mp3,ok,0,,39.000000,39.000000,0.000000,48000,2
850131,data\raw\freesound\previews\non_target_soundscape\freesound_850131.mp3,ok,0,,79.000000,79.000000,0.000000,48000,2
850139,data\raw\freesound\previews\non_target_soundscape\freesound_850139.mp3,ok,0,,120.000000,120.000000,0.000000,48000,2
860702,data\raw\freesound\previews\non_target_soundscape\freesound_860702.mp3,ok,0,,16.000000,16.000000,0.000000,48000,2
376809,data\raw\freesound\previews\people_footsteps\freesound_376809.mp3,ok,0,,46.117200,46.117188,-0.000012,48000,2
415204,data\raw\freesound\previews\people_footsteps\freesound_415204.mp3,decoded_with_codec_warning,0,[C:\vcpkg\buildtrees\mpg123\src\-66150af195.clean\src\libmpg123\layer3.c:INT123_do_layer3():1880] error: part2_3_length (3904) too large for available bit count (3656) | [C:\vcpkg\buildtrees\mpg123\src\-66150af195.clean\src\libmpg123\layer3.c:INT123_do_layer3():1880] error: part2_3_length (3904) too large for available bit count (3656) | [C:\vcpkg\buildtrees\mpg123\src\-66150af195.clean\src\libmpg123\layer3.c:INT123_do_layer3():1880] error: part2_3_length (3680) too large for available bit count (3656) | [C:\vcpkg\buildtrees\mpg123\src\-66150af195.clean\src\libmpg123\layer3.c:INT123_do_layer3():1880] error: part2_3_length (3840) too large for available bit count (3656),7.603760,7.603764,0.000004,22050,1
420555,data\raw\freesound\previews\people_footsteps\freesound_420555.mp3,ok,0,,23.520000,23.520000,0.000000,48000,2
423377,data\raw\freesound\previews\people_footsteps\freesound_423377.mp3,ok,0,,31.066800,31.066833,0.000033,48000,2
745820,data\raw\freesound\previews\people_footsteps\freesound_745820.mp3,ok,0,,12.663400,12.663354,-0.000046,48000,2
761636,data\raw\freesound\previews\people_footsteps\freesound_761636.mp3,ok,0,,66.000000,66.000000,0.000000,48000,2
763506,data\raw\freesound\previews\people_footsteps\freesound_763506.mp3,ok,0,,62.750000,62.750000,0.000000,48000,2
789609,data\raw\freesound\previews\people_footsteps\freesound_789609.mp3,ok,0,,10.242000,10.242000,0.000000,48000,2
828011,data\raw\freesound\previews\people_footsteps\freesound_828011.mp3,ok,0,,30.000000,30.000000,0.000000,48000,2
842151,data\raw\freesound\previews\people_footsteps\freesound_842151.mp3,ok,0,,57.684400,57.684422,0.000022,44100,1
173447,data\raw\freesound\previews\rain_water_park\freesound_173447.mp3,ok,0,,40.976000,40.976042,0.000042,48000,2
200972,data\raw\freesound\previews\rain_water_park\freesound_200972.mp3,ok,0,,22.720000,22.720000,0.000000,48000,2
232204,data\raw\freesound\previews\rain_water_park\freesound_232204.mp3,ok,0,,115.737000,115.736576,-0.000424,44100,1
398740,data\raw\freesound\previews\rain_water_park\freesound_398740.mp3,ok,0,,30.991100,30.991146,0.000046,48000,2
521388,data\raw\freesound\previews\rain_water_park\freesound_521388.mp3,ok,0,,62.474200,62.474250,0.000050,48000,2
521841,data\raw\freesound\previews\rain_water_park\freesound_521841.mp3,ok,0,,90.000000,90.000000,0.000000,48000,2
569803,data\raw\freesound\previews\rain_water_park\freesound_569803.mp3,ok,0,,50.510700,50.510680,-0.000020,44100,2
582921,data\raw\freesound\previews\rain_water_park\freesound_582921.mp3,ok,0,,57.500000,57.500000,0.000000,48000,2
636568,data\raw\freesound\previews\rain_water_park\freesound_636568.mp3,ok,0,,48.769100,48.769146,0.000046,48000,2
848492,data\raw\freesound\previews\rain_water_park\freesound_848492.mp3,ok,0,,60.000000,60.000000,0.000000,48000,2
243880,data\raw\freesound\previews\wind_trees\freesound_243880.mp3,ok,0,,39.117400,39.117392,-0.000008,44100,2
243881,data\raw\freesound\previews\wind_trees\freesound_243881.mp3,ok,0,,40.853100,40.853129,0.000029,44100,2
243882,data\raw\freesound\previews\wind_trees\freesound_243882.mp3,ok,0,,39.424900,39.424898,-0.000002,44100,2
243883,data\raw\freesound\previews\wind_trees\freesound_243883.mp3,ok,0,,70.808000,70.807959,-0.000041,44100,2
259968,data\raw\freesound\previews\wind_trees\freesound_259968.mp3,ok,0,,83.264000,83.264000,0.000000,48000,2
276294,data\raw\freesound\previews\wind_trees\freesound_276294.mp3,ok,0,,90.200000,90.200000,0.000000,48000,2
376534,data\raw\freesound\previews\wind_trees\freesound_376534.mp3,ok,0,,19.788800,19.788792,-0.000008,48000,2
529779,data\raw\freesound\previews\wind_trees\freesound_529779.mp3,ok,0,,60.109400,60.109417,0.000017,48000,2
656899,data\raw\freesound\previews\wind_trees\freesound_656899.mp3,ok,0,,110.225000,110.225500,0.000500,48000,2
753418,data\raw\freesound\previews\wind_trees\freesound_753418.mp3,ok,0,,39.428600,39.428562,-0.000038,48000,2
