confidence,end_seconds,local_path,primary_label_weak,recording_id,sha256,species_label,species_name_zh,start_seconds
0.142334,3.0,D:\C\Desktop\ai\xykw\data\260110_1015——古铜色卷尾——看见，背景里有黑头穗鹛&白喉扇尾鹟&珠颈斑鸠.wav,古铜色卷尾,260110_1015——古铜色卷尾——看见，背景里有黑头穗鹛&白喉扇尾鹟&珠颈斑鸠,76b2bb8bf0fab7d1e847944fb63c16fdeed7e1ced049b1f48a90e943df17e38e,Streptopelia chinensis_Spotted Dove,珠颈斑鸠,0.0
0.158773,12.0,D:\C\Desktop\ai\xykw\data\260110_1015——古铜色卷尾——看见，背景里有黑头穗鹛&白喉扇尾鹟&珠颈斑鸠.wav,古铜色卷尾,260110_1015——古铜色卷尾——看见，背景里有黑头穗鹛&白喉扇尾鹟&珠颈斑鸠,76b2bb8bf0fab7d1e847944fb63c16fdeed7e1ced049b1f48a90e943df17e38e,Streptopelia chinensis_Spotted Dove,珠颈斑鸠,9.0
0.130692,21.0,D:\C\Desktop\ai\xykw\data\260301_0836——赤胸拟啄木鸟——正常节奏，背景里有噪鹃.wav,赤胸拟啄木鸟,260301_0836——赤胸拟啄木鸟——正常节奏，背景里有噪鹃,7e90e3adf37171a86665c594182a7c65676f1e37c7cfe4213f7d31bb95e6d94a,Pycnonotus sinensis_Light-vented Bulbul,白头鹎,18.0
0.162225,3.0,D:\C\Desktop\ai\xykw\data\XC1002930 - 珠颈斑鸠 - Spilopelia chinensis chinensis(1).wav,珠颈斑鸠,XC1002930 - 珠颈斑鸠 - Spilopelia chinensis chinensis(1),9a577cf6614f66cada0a3864cfd970eecab09c7b523148f58ffd60d9722600b0,Streptopelia chinensis_Spotted Dove,珠颈斑鸠,0.0
0.974994,6.0,D:\C\Desktop\ai\xykw\data\XC1002930 - 珠颈斑鸠 - Spilopelia chinensis chinensis(1).wav,珠颈斑鸠,XC1002930 - 珠颈斑鸠 - Spilopelia chinensis chinensis(1),9a577cf6614f66cada0a3864cfd970eecab09c7b523148f58ffd60d9722600b0,Streptopelia chinensis_Spotted Dove,珠颈斑鸠,3.0
0.975939,9.0,D:\C\Desktop\ai\xykw\data\XC1002930 - 珠颈斑鸠 - Spilopelia chinensis chinensis(1).wav,珠颈斑鸠,XC1002930 - 珠颈斑鸠 - Spilopelia chinensis chinensis(1),9a577cf6614f66cada0a3864cfd970eecab09c7b523148f58ffd60d9722600b0,Streptopelia chinensis_Spotted Dove,珠颈斑鸠,6.0
0.624247,12.0,D:\C\Desktop\ai\xykw\data\XC1002930 - 珠颈斑鸠 - Spilopelia chinensis chinensis(1).wav,珠颈斑鸠,XC1002930 - 珠颈斑鸠 - Spilopelia chinensis chinensis(1),9a577cf6614f66cada0a3864cfd970eecab09c7b523148f58ffd60d9722600b0,Streptopelia chinensis_Spotted Dove,珠颈斑鸠,9.0
0.988867,15.0,D:\C\Desktop\ai\xykw\data\XC1002930 - 珠颈斑鸠 - Spilopelia chinensis chinensis(1).wav,珠颈斑鸠,XC1002930 - 珠颈斑鸠 - Spilopelia chinensis chinensis(1),9a577cf6614f66cada0a3864cfd970eecab09c7b523148f58ffd60d9722600b0,Streptopelia chinensis_Spotted Dove,珠颈斑鸠,12.0
0.994399,18.0,D:\C\Desktop\ai\xykw\data\XC1002930 - 珠颈斑鸠 - Spilopelia chinensis chinensis(1).wav,珠颈斑鸠,XC1002930 - 珠颈斑鸠 - Spilopelia chinensis chinensis(1),9a577cf6614f66cada0a3864cfd970eecab09c7b523148f58ffd60d9722600b0,Streptopelia chinensis_Spotted Dove,珠颈斑鸠,15.0
0.990937,21.0,D:\C\Desktop\ai\xykw\data\XC1002930 - 珠颈斑鸠 - Spilopelia chinensis chinensis(1).wav,珠颈斑鸠,XC1002930 - 珠颈斑鸠 - Spilopelia chinensis chinensis(1),9a577cf6614f66cada0a3864cfd970eecab09c7b523148f58ffd60d9722600b0,Streptopelia chinensis_Spotted Dove,珠颈斑鸠,18.0
0.981877,24.0,D:\C\Desktop\ai\xykw\data\XC1002930 - 珠颈斑鸠 - Spilopelia chinensis chinensis(1).wav,珠颈斑鸠,XC1002930 - 珠颈斑鸠 - Spilopelia chinensis chinensis(1),9a577cf6614f66cada0a3864cfd970eecab09c7b523148f58ffd60d9722600b0,Streptopelia chinensis_Spotted Dove,珠颈斑鸠,21.0
0.990945,27.0,D:\C\Desktop\ai\xykw\data\XC1002930 - 珠颈斑鸠 - Spilopelia chinensis chinensis(1).wav,珠颈斑鸠,XC1002930 - 珠颈斑鸠 - Spilopelia chinensis chinensis(1),9a577cf6614f66cada0a3864cfd970eecab09c7b523148f58ffd60d9722600b0,Streptopelia chinensis_Spotted Dove,珠颈斑鸠,24.0
0.985024,30.0,D:\C\Desktop\ai\xykw\data\XC1002930 - 珠颈斑鸠 - Spilopelia chinensis chinensis(1).wav,珠颈斑鸠,XC1002930 - 珠颈斑鸠 - Spilopelia chinensis chinensis(1),9a577cf6614f66cada0a3864cfd970eecab09c7b523148f58ffd60d9722600b0,Streptopelia chinensis_Spotted Dove,珠颈斑鸠,27.0
0.992733,33.0,D:\C\Desktop\ai\xykw\data\XC1002930 - 珠颈斑鸠 - Spilopelia chinensis chinensis(1).wav,珠颈斑鸠,XC1002930 - 珠颈斑鸠 - Spilopelia chinensis chinensis(1),9a577cf6614f66cada0a3864cfd970eecab09c7b523148f58ffd60d9722600b0,Streptopelia chinensis_Spotted Dove,珠颈斑鸠,30.0
0.933183,36.0,D:\C\Desktop\ai\xykw\data\XC1002930 - 珠颈斑鸠 - Spilopelia chinensis chinensis(1).wav,珠颈斑鸠,XC1002930 - 珠颈斑鸠 - Spilopelia chinensis chinensis(1),9a577cf6614f66cada0a3864cfd970eecab09c7b523148f58ffd60d9722600b0,Streptopelia chinensis_Spotted Dove,珠颈斑鸠,33.0
0.956777,39.0,D:\C\Desktop\ai\xykw\data\XC1002930 - 珠颈斑鸠 - Spilopelia chinensis chinensis(1).wav,珠颈斑鸠,XC1002930 - 珠颈斑鸠 - Spilopelia chinensis chinensis(1),9a577cf6614f66cada0a3864cfd970eecab09c7b523148f58ffd60d9722600b0,Streptopelia chinensis_Spotted Dove,珠颈斑鸠,36.0
0.977337,42.0,D:\C\Desktop\ai\xykw\data\XC1002930 - 珠颈斑鸠 - Spilopelia chinensis chinensis(1).wav,珠颈斑鸠,XC1002930 - 珠颈斑鸠 - Spilopelia chinensis chinensis(1),9a577cf6614f66cada0a3864cfd970eecab09c7b523148f58ffd60d9722600b0,Streptopelia chinensis_Spotted Dove,珠颈斑鸠,39.0
0.991561,45.0,D:\C\Desktop\ai\xykw\data\XC1002930 - 珠颈斑鸠 - Spilopelia chinensis chinensis(1).wav,珠颈斑鸠,XC1002930 - 珠颈斑鸠 - Spilopelia chinensis chinensis(1),9a577cf6614f66cada0a3864cfd970eecab09c7b523148f58ffd60d9722600b0,Streptopelia chinensis_Spotted Dove,珠颈斑鸠,42.0
0.927646,48.0,D:\C\Desktop\ai\xykw\data\XC1002930 - 珠颈斑鸠 - Spilopelia chinensis chinensis(1).wav,珠颈斑鸠,XC1002930 - 珠颈斑鸠 - Spilopelia chinensis chinensis(1),9a577cf6614f66cada0a3864cfd970eecab09c7b523148f58ffd60d9722600b0,Streptopelia chinensis_Spotted Dove,珠颈斑鸠,45.0
0.845893,51.0,D:\C\Desktop\ai\xykw\data\XC1002930 - 珠颈斑鸠 - Spilopelia chinensis chinensis(1).wav,珠颈斑鸠,XC1002930 - 珠颈斑鸠 - Spilopelia chinensis chinensis(1),9a577cf6614f66cada0a3864cfd970eecab09c7b523148f58ffd60d9722600b0,Streptopelia chinensis_Spotted Dove,珠颈斑鸠,48.0
0.991028,54.0,D:\C\Desktop\ai\xykw\data\XC1002930 - 珠颈斑鸠 - Spilopelia chinensis chinensis(1).wav,珠颈斑鸠,XC1002930 - 珠颈斑鸠 - Spilopelia chinensis chinensis(1),9a577cf6614f66cada0a3864cfd970eecab09c7b523148f58ffd60d9722600b0,Streptopelia chinensis_Spotted Dove,珠颈斑鸠,51.0
0.971229,57.0,D:\C\Desktop\ai\xykw\data\XC1002930 - 珠颈斑鸠 - Spilopelia chinensis chinensis(1).wav,珠颈斑鸠,XC1002930 - 珠颈斑鸠 - Spilopelia chinensis chinensis(1),9a577cf6614f66cada0a3864cfd970eecab09c7b523148f58ffd60d9722600b0,Streptopelia chinensis_Spotted Dove,珠颈斑鸠,54.0
0.992446,60.0,D:\C\Desktop\ai\xykw\data\XC1002930 - 珠颈斑鸠 - Spilopelia chinensis chinensis(1).wav,珠颈斑鸠,XC1002930 - 珠颈斑鸠 - Spilopelia chinensis chinensis(1),9a577cf6614f66cada0a3864cfd970eecab09c7b523148f58ffd60d9722600b0,Streptopelia chinensis_Spotted Dove,珠颈斑鸠,57.0
0.99631,63.0,D:\C\Desktop\ai\xykw\data\XC1002930 - 珠颈斑鸠 - Spilopelia chinensis chinensis(1).wav,珠颈斑鸠,XC1002930 - 珠颈斑鸠 - Spilopelia chinensis chinensis(1),9a577cf6614f66cada0a3864cfd970eecab09c7b523148f58ffd60d9722600b0,Streptopelia chinensis_Spotted Dove,珠颈斑鸠,60.0
0.994482,66.0,D:\C\Desktop\ai\xykw\data\XC1002930 - 珠颈斑鸠 - Spilopelia chinensis chinensis(1).wav,珠颈斑鸠,XC1002930 - 珠颈斑鸠 - Spilopelia chinensis chinensis(1),9a577cf6614f66cada0a3864cfd970eecab09c7b523148f58ffd60d9722600b0,Streptopelia chinensis_Spotted Dove,珠颈斑鸠,63.0
0.961863,69.0,D:\C\Desktop\ai\xykw\data\XC1002930 - 珠颈斑鸠 - Spilopelia chinensis chinensis(1).wav,珠颈斑鸠,XC1002930 - 珠颈斑鸠 - Spilopelia chinensis chinensis(1),9a577cf6614f66cada0a3864cfd970eecab09c7b523148f58ffd60d9722600b0,Streptopelia chinensis_Spotted Dove,珠颈斑鸠,66.0
0.196785,72.0,D:\C\Desktop\ai\xykw\data\XC1002930 - 珠颈斑鸠 - Spilopelia chinensis chinensis(1).wav,珠颈斑鸠,XC1002930 - 珠颈斑鸠 - Spilopelia chinensis chinensis(1),9a577cf6614f66cada0a3864cfd970eecab09c7b523148f58ffd60d9722600b0,Streptopelia chinensis_Spotted Dove,珠颈斑鸠,69.0
0.988687,75.0,D:\C\Desktop\ai\xykw\data\XC1002930 - 珠颈斑鸠 - Spilopelia chinensis chinensis(1).wav,珠颈斑鸠,XC1002930 - 珠颈斑鸠 - Spilopelia chinensis chinensis(1),9a577cf6614f66cada0a3864cfd970eecab09c7b523148f58ffd60d9722600b0,Streptopelia chinensis_Spotted Dove,珠颈斑鸠,72.0
0.980499,78.0,D:\C\Desktop\ai\xykw\data\XC1002930 - 珠颈斑鸠 - Spilopelia chinensis chinensis(1).wav,珠颈斑鸠,XC1002930 - 珠颈斑鸠 - Spilopelia chinensis chinensis(1),9a577cf6614f66cada0a3864cfd970eecab09c7b523148f58ffd60d9722600b0,Streptopelia chinensis_Spotted Dove,珠颈斑鸠,75.0
0.98344,81.0,D:\C\Desktop\ai\xykw\data\XC1002930 - 珠颈斑鸠 - Spilopelia chinensis chinensis(1).wav,珠颈斑鸠,XC1002930 - 珠颈斑鸠 - Spilopelia chinensis chinensis(1),9a577cf6614f66cada0a3864cfd970eecab09c7b523148f58ffd60d9722600b0,Streptopelia chinensis_Spotted Dove,珠颈斑鸠,78.0
0.1169,84.0,D:\C\Desktop\ai\xykw\data\XC1002930 - 珠颈斑鸠 - Spilopelia chinensis chinensis(1).wav,珠颈斑鸠,XC1002930 - 珠颈斑鸠 - Spilopelia chinensis chinensis(1),9a577cf6614f66cada0a3864cfd970eecab09c7b523148f58ffd60d9722600b0,Copsychus saularis_Oriental Magpie-Robin,鹊鸲,81.0
0.975894,87.0,D:\C\Desktop\ai\xykw\data\XC1002930 - 珠颈斑鸠 - Spilopelia chinensis chinensis(1).wav,珠颈斑鸠,XC1002930 - 珠颈斑鸠 - Spilopelia chinensis chinensis(1),9a577cf6614f66cada0a3864cfd970eecab09c7b523148f58ffd60d9722600b0,Streptopelia chinensis_Spotted Dove,珠颈斑鸠,84.0
0.987843,90.0,D:\C\Desktop\ai\xykw\data\XC1002930 - 珠颈斑鸠 - Spilopelia chinensis chinensis(1).wav,珠颈斑鸠,XC1002930 - 珠颈斑鸠 - Spilopelia chinensis chinensis(1),9a577cf6614f66cada0a3864cfd970eecab09c7b523148f58ffd60d9722600b0,Streptopelia chinensis_Spotted Dove,珠颈斑鸠,87.0
0.991528,93.0,D:\C\Desktop\ai\xykw\data\XC1002930 - 珠颈斑鸠 - Spilopelia chinensis chinensis(1).wav,珠颈斑鸠,XC1002930 - 珠颈斑鸠 - Spilopelia chinensis chinensis(1),9a577cf6614f66cada0a3864cfd970eecab09c7b523148f58ffd60d9722600b0,Streptopelia chinensis_Spotted Dove,珠颈斑鸠,90.0
0.950411,96.0,D:\C\Desktop\ai\xykw\data\XC1002930 - 珠颈斑鸠 - Spilopelia chinensis chinensis(1).wav,珠颈斑鸠,XC1002930 - 珠颈斑鸠 - Spilopelia chinensis chinensis(1),9a577cf6614f66cada0a3864cfd970eecab09c7b523148f58ffd60d9722600b0,Streptopelia chinensis_Spotted Dove,珠颈斑鸠,93.0
0.13124,99.0,D:\C\Desktop\ai\xykw\data\XC1002930 - 珠颈斑鸠 - Spilopelia chinensis chinensis(1).wav,珠颈斑鸠,XC1002930 - 珠颈斑鸠 - Spilopelia chinensis chinensis(1),9a577cf6614f66cada0a3864cfd970eecab09c7b523148f58ffd60d9722600b0,Pycnonotus sinensis_Light-vented Bulbul,白头鹎,96.0
0.813828,102.0,D:\C\Desktop\ai\xykw\data\XC1002930 - 珠颈斑鸠 - Spilopelia chinensis chinensis(1).wav,珠颈斑鸠,XC1002930 - 珠颈斑鸠 - Spilopelia chinensis chinensis(1),9a577cf6614f66cada0a3864cfd970eecab09c7b523148f58ffd60d9722600b0,Streptopelia chinensis_Spotted Dove,珠颈斑鸠,99.0
0.961855,105.0,D:\C\Desktop\ai\xykw\data\XC1002930 - 珠颈斑鸠 - Spilopelia chinensis chinensis(1).wav,珠颈斑鸠,XC1002930 - 珠颈斑鸠 - Spilopelia chinensis chinensis(1),9a577cf6614f66cada0a3864cfd970eecab09c7b523148f58ffd60d9722600b0,Streptopelia chinensis_Spotted Dove,珠颈斑鸠,102.0
0.143686,111.0,D:\C\Desktop\ai\xykw\data\XC1002930 - 珠颈斑鸠 - Spilopelia chinensis chinensis(1).wav,珠颈斑鸠,XC1002930 - 珠颈斑鸠 - Spilopelia chinensis chinensis(1),9a577cf6614f66cada0a3864cfd970eecab09c7b523148f58ffd60d9722600b0,Pycnonotus sinensis_Light-vented Bulbul,白头鹎,108.0
0.240754,114.0,D:\C\Desktop\ai\xykw\data\XC1002930 - 珠颈斑鸠 - Spilopelia chinensis chinensis(1).wav,珠颈斑鸠,XC1002930 - 珠颈斑鸠 - Spilopelia chinensis chinensis(1),9a577cf6614f66cada0a3864cfd970eecab09c7b523148f58ffd60d9722600b0,Streptopelia chinensis_Spotted Dove,珠颈斑鸠,111.0
0.768642,117.0,D:\C\Desktop\ai\xykw\data\XC1002930 - 珠颈斑鸠 - Spilopelia chinensis chinensis(1).wav,珠颈斑鸠,XC1002930 - 珠颈斑鸠 - Spilopelia chinensis chinensis(1),9a577cf6614f66cada0a3864cfd970eecab09c7b523148f58ffd60d9722600b0,Streptopelia chinensis_Spotted Dove,珠颈斑鸠,114.0
0.191205,120.0,D:\C\Desktop\ai\xykw\data\XC1002930 - 珠颈斑鸠 - Spilopelia chinensis chinensis(1).wav,珠颈斑鸠,XC1002930 - 珠颈斑鸠 - Spilopelia chinensis chinensis(1),9a577cf6614f66cada0a3864cfd970eecab09c7b523148f58ffd60d9722600b0,Pycnonotus sinensis_Light-vented Bulbul,白头鹎,117.0
0.717204,123.0,D:\C\Desktop\ai\xykw\data\XC1002930 - 珠颈斑鸠 - Spilopelia chinensis chinensis(1).wav,珠颈斑鸠,XC1002930 - 珠颈斑鸠 - Spilopelia chinensis chinensis(1),9a577cf6614f66cada0a3864cfd970eecab09c7b523148f58ffd60d9722600b0,Streptopelia chinensis_Spotted Dove,珠颈斑鸠,120.0
0.251248,126.0,D:\C\Desktop\ai\xykw\data\XC1002930 - 珠颈斑鸠 - Spilopelia chinensis chinensis(1).wav,珠颈斑鸠,XC1002930 - 珠颈斑鸠 - Spilopelia chinensis chinensis(1),9a577cf6614f66cada0a3864cfd970eecab09c7b523148f58ffd60d9722600b0,Copsychus saularis_Oriental Magpie-Robin,鹊鸲,123.0
0.800079,129.0,D:\C\Desktop\ai\xykw\data\XC1002930 - 珠颈斑鸠 - Spilopelia chinensis chinensis(1).wav,珠颈斑鸠,XC1002930 - 珠颈斑鸠 - Spilopelia chinensis chinensis(1),9a577cf6614f66cada0a3864cfd970eecab09c7b523148f58ffd60d9722600b0,Streptopelia chinensis_Spotted Dove,珠颈斑鸠,126.0
0.45143,131.875,D:\C\Desktop\ai\xykw\data\XC1002930 - 珠颈斑鸠 - Spilopelia chinensis chinensis(1).wav,珠颈斑鸠,XC1002930 - 珠颈斑鸠 - Spilopelia chinensis chinensis(1),9a577cf6614f66cada0a3864cfd970eecab09c7b523148f58ffd60d9722600b0,Turdus mandarinus_Chinese Blackbird,乌鸫,129.0
0.789746,6.0,D:\C\Desktop\ai\xykw\data\XC1106815 - 白头鹎 - Pycnonotus sinensis.mp3,白头鹎,XC1106815 - 白头鹎 - Pycnonotus sinensis,357be415e7d56677a30c62d4f1916a6707224831464e5b0b8510f07d8817ef9f,Pycnonotus sinensis_Light-vented Bulbul,白头鹎,3.0
0.527873,9.0,D:\C\Desktop\ai\xykw\data\XC1106815 - 白头鹎 - Pycnonotus sinensis.mp3,白头鹎,XC1106815 - 白头鹎 - Pycnonotus sinensis,357be415e7d56677a30c62d4f1916a6707224831464e5b0b8510f07d8817ef9f,Pycnonotus sinensis_Light-vented Bulbul,白头鹎,6.0
0.219739,12.0,D:\C\Desktop\ai\xykw\data\XC1106815 - 白头鹎 - Pycnonotus sinensis.mp3,白头鹎,XC1106815 - 白头鹎 - Pycnonotus sinensis,357be415e7d56677a30c62d4f1916a6707224831464e5b0b8510f07d8817ef9f,Pycnonotus sinensis_Light-vented Bulbul,白头鹎,9.0
0.535221,18.0,D:\C\Desktop\ai\xykw\data\XC1106815 - 白头鹎 - Pycnonotus sinensis.mp3,白头鹎,XC1106815 - 白头鹎 - Pycnonotus sinensis,357be415e7d56677a30c62d4f1916a6707224831464e5b0b8510f07d8817ef9f,Pycnonotus sinensis_Light-vented Bulbul,白头鹎,15.0
0.633814,21.0,D:\C\Desktop\ai\xykw\data\XC1106815 - 白头鹎 - Pycnonotus sinensis.mp3,白头鹎,XC1106815 - 白头鹎 - Pycnonotus sinensis,357be415e7d56677a30c62d4f1916a6707224831464e5b0b8510f07d8817ef9f,Pycnonotus sinensis_Light-vented Bulbul,白头鹎,18.0
0.532928,24.0,D:\C\Desktop\ai\xykw\data\XC1106815 - 白头鹎 - Pycnonotus sinensis.mp3,白头鹎,XC1106815 - 白头鹎 - Pycnonotus sinensis,357be415e7d56677a30c62d4f1916a6707224831464e5b0b8510f07d8817ef9f,Pycnonotus sinensis_Light-vented Bulbul,白头鹎,21.0
0.373904,30.0,D:\C\Desktop\ai\xykw\data\XC1106815 - 白头鹎 - Pycnonotus sinensis.mp3,白头鹎,XC1106815 - 白头鹎 - Pycnonotus sinensis,357be415e7d56677a30c62d4f1916a6707224831464e5b0b8510f07d8817ef9f,Pycnonotus sinensis_Light-vented Bulbul,白头鹎,27.0
0.343651,33.0,D:\C\Desktop\ai\xykw\data\XC1106815 - 白头鹎 - Pycnonotus sinensis.mp3,白头鹎,XC1106815 - 白头鹎 - Pycnonotus sinensis,357be415e7d56677a30c62d4f1916a6707224831464e5b0b8510f07d8817ef9f,Pycnonotus sinensis_Light-vented Bulbul,白头鹎,30.0
0.282087,36.0,D:\C\Desktop\ai\xykw\data\XC1106815 - 白头鹎 - Pycnonotus sinensis.mp3,白头鹎,XC1106815 - 白头鹎 - Pycnonotus sinensis,357be415e7d56677a30c62d4f1916a6707224831464e5b0b8510f07d8817ef9f,Pycnonotus sinensis_Light-vented Bulbul,白头鹎,33.0
0.792803,39.0,D:\C\Desktop\ai\xykw\data\XC1106815 - 白头鹎 - Pycnonotus sinensis.mp3,白头鹎,XC1106815 - 白头鹎 - Pycnonotus sinensis,357be415e7d56677a30c62d4f1916a6707224831464e5b0b8510f07d8817ef9f,Pycnonotus sinensis_Light-vented Bulbul,白头鹎,36.0
0.727485,42.0,D:\C\Desktop\ai\xykw\data\XC1106815 - 白头鹎 - Pycnonotus sinensis.mp3,白头鹎,XC1106815 - 白头鹎 - Pycnonotus sinensis,357be415e7d56677a30c62d4f1916a6707224831464e5b0b8510f07d8817ef9f,Pycnonotus sinensis_Light-vented Bulbul,白头鹎,39.0
0.570206,45.0,D:\C\Desktop\ai\xykw\data\XC1106815 - 白头鹎 - Pycnonotus sinensis.mp3,白头鹎,XC1106815 - 白头鹎 - Pycnonotus sinensis,357be415e7d56677a30c62d4f1916a6707224831464e5b0b8510f07d8817ef9f,Pycnonotus sinensis_Light-vented Bulbul,白头鹎,42.0
0.265345,48.0,D:\C\Desktop\ai\xykw\data\XC1106815 - 白头鹎 - Pycnonotus sinensis.mp3,白头鹎,XC1106815 - 白头鹎 - Pycnonotus sinensis,357be415e7d56677a30c62d4f1916a6707224831464e5b0b8510f07d8817ef9f,Pycnonotus sinensis_Light-vented Bulbul,白头鹎,45.0
0.558286,51.0,D:\C\Desktop\ai\xykw\data\XC1106815 - 白头鹎 - Pycnonotus sinensis.mp3,白头鹎,XC1106815 - 白头鹎 - Pycnonotus sinensis,357be415e7d56677a30c62d4f1916a6707224831464e5b0b8510f07d8817ef9f,Pycnonotus sinensis_Light-vented Bulbul,白头鹎,48.0
0.453897,54.0,D:\C\Desktop\ai\xykw\data\XC1106815 - 白头鹎 - Pycnonotus sinensis.mp3,白头鹎,XC1106815 - 白头鹎 - Pycnonotus sinensis,357be415e7d56677a30c62d4f1916a6707224831464e5b0b8510f07d8817ef9f,Pycnonotus sinensis_Light-vented Bulbul,白头鹎,51.0
0.263454,60.0,D:\C\Desktop\ai\xykw\data\XC1106815 - 白头鹎 - Pycnonotus sinensis.mp3,白头鹎,XC1106815 - 白头鹎 - Pycnonotus sinensis,357be415e7d56677a30c62d4f1916a6707224831464e5b0b8510f07d8817ef9f,Pycnonotus sinensis_Light-vented Bulbul,白头鹎,57.0
0.093425,63.0,D:\C\Desktop\ai\xykw\data\XC1106815 - 白头鹎 - Pycnonotus sinensis.mp3,白头鹎,XC1106815 - 白头鹎 - Pycnonotus sinensis,357be415e7d56677a30c62d4f1916a6707224831464e5b0b8510f07d8817ef9f,Pycnonotus sinensis_Light-vented Bulbul,白头鹎,60.0
0.368616,66.0,D:\C\Desktop\ai\xykw\data\XC1106815 - 白头鹎 - Pycnonotus sinensis.mp3,白头鹎,XC1106815 - 白头鹎 - Pycnonotus sinensis,357be415e7d56677a30c62d4f1916a6707224831464e5b0b8510f07d8817ef9f,Pycnonotus sinensis_Light-vented Bulbul,白头鹎,63.0
0.68321,69.0,D:\C\Desktop\ai\xykw\data\XC1106815 - 白头鹎 - Pycnonotus sinensis.mp3,白头鹎,XC1106815 - 白头鹎 - Pycnonotus sinensis,357be415e7d56677a30c62d4f1916a6707224831464e5b0b8510f07d8817ef9f,Pycnonotus sinensis_Light-vented Bulbul,白头鹎,66.0
0.524377,72.0,D:\C\Desktop\ai\xykw\data\XC1106815 - 白头鹎 - Pycnonotus sinensis.mp3,白头鹎,XC1106815 - 白头鹎 - Pycnonotus sinensis,357be415e7d56677a30c62d4f1916a6707224831464e5b0b8510f07d8817ef9f,Pycnonotus sinensis_Light-vented Bulbul,白头鹎,69.0
0.865884,75.0,D:\C\Desktop\ai\xykw\data\XC1106815 - 白头鹎 - Pycnonotus sinensis.mp3,白头鹎,XC1106815 - 白头鹎 - Pycnonotus sinensis,357be415e7d56677a30c62d4f1916a6707224831464e5b0b8510f07d8817ef9f,Pycnonotus sinensis_Light-vented Bulbul,白头鹎,72.0
0.950947,78.0,D:\C\Desktop\ai\xykw\data\XC1106815 - 白头鹎 - Pycnonotus sinensis.mp3,白头鹎,XC1106815 - 白头鹎 - Pycnonotus sinensis,357be415e7d56677a30c62d4f1916a6707224831464e5b0b8510f07d8817ef9f,Pycnonotus sinensis_Light-vented Bulbul,白头鹎,75.0
0.428397,81.0,D:\C\Desktop\ai\xykw\data\XC1106815 - 白头鹎 - Pycnonotus sinensis.mp3,白头鹎,XC1106815 - 白头鹎 - Pycnonotus sinensis,357be415e7d56677a30c62d4f1916a6707224831464e5b0b8510f07d8817ef9f,Pycnonotus sinensis_Light-vented Bulbul,白头鹎,78.0
0.738211,84.0,D:\C\Desktop\ai\xykw\data\XC1106815 - 白头鹎 - Pycnonotus sinensis.mp3,白头鹎,XC1106815 - 白头鹎 - Pycnonotus sinensis,357be415e7d56677a30c62d4f1916a6707224831464e5b0b8510f07d8817ef9f,Pycnonotus sinensis_Light-vented Bulbul,白头鹎,81.0
0.436102,90.0,D:\C\Desktop\ai\xykw\data\XC1106815 - 白头鹎 - Pycnonotus sinensis.mp3,白头鹎,XC1106815 - 白头鹎 - Pycnonotus sinensis,357be415e7d56677a30c62d4f1916a6707224831464e5b0b8510f07d8817ef9f,Pycnonotus sinensis_Light-vented Bulbul,白头鹎,87.0
0.887253,96.0,D:\C\Desktop\ai\xykw\data\XC1106815 - 白头鹎 - Pycnonotus sinensis.mp3,白头鹎,XC1106815 - 白头鹎 - Pycnonotus sinensis,357be415e7d56677a30c62d4f1916a6707224831464e5b0b8510f07d8817ef9f,Pycnonotus sinensis_Light-vented Bulbul,白头鹎,93.0
0.126476,99.0,D:\C\Desktop\ai\xykw\data\XC1106815 - 白头鹎 - Pycnonotus sinensis.mp3,白头鹎,XC1106815 - 白头鹎 - Pycnonotus sinensis,357be415e7d56677a30c62d4f1916a6707224831464e5b0b8510f07d8817ef9f,Pycnonotus sinensis_Light-vented Bulbul,白头鹎,96.0
0.925373,102.0,D:\C\Desktop\ai\xykw\data\XC1106815 - 白头鹎 - Pycnonotus sinensis.mp3,白头鹎,XC1106815 - 白头鹎 - Pycnonotus sinensis,357be415e7d56677a30c62d4f1916a6707224831464e5b0b8510f07d8817ef9f,Pycnonotus sinensis_Light-vented Bulbul,白头鹎,99.0
0.912872,108.0,D:\C\Desktop\ai\xykw\data\XC1106815 - 白头鹎 - Pycnonotus sinensis.mp3,白头鹎,XC1106815 - 白头鹎 - Pycnonotus sinensis,357be415e7d56677a30c62d4f1916a6707224831464e5b0b8510f07d8817ef9f,Pycnonotus sinensis_Light-vented Bulbul,白头鹎,105.0
0.928234,114.0,D:\C\Desktop\ai\xykw\data\XC1106815 - 白头鹎 - Pycnonotus sinensis.mp3,白头鹎,XC1106815 - 白头鹎 - Pycnonotus sinensis,357be415e7d56677a30c62d4f1916a6707224831464e5b0b8510f07d8817ef9f,Pycnonotus sinensis_Light-vented Bulbul,白头鹎,111.0
0.9397,120.0,D:\C\Desktop\ai\xykw\data\XC1106815 - 白头鹎 - Pycnonotus sinensis.mp3,白头鹎,XC1106815 - 白头鹎 - Pycnonotus sinensis,357be415e7d56677a30c62d4f1916a6707224831464e5b0b8510f07d8817ef9f,Pycnonotus sinensis_Light-vented Bulbul,白头鹎,117.0
0.532123,123.0,D:\C\Desktop\ai\xykw\data\XC1106815 - 白头鹎 - Pycnonotus sinensis.mp3,白头鹎,XC1106815 - 白头鹎 - Pycnonotus sinensis,357be415e7d56677a30c62d4f1916a6707224831464e5b0b8510f07d8817ef9f,Pycnonotus sinensis_Light-vented Bulbul,白头鹎,120.0
0.426008,126.0,D:\C\Desktop\ai\xykw\data\XC1106815 - 白头鹎 - Pycnonotus sinensis.mp3,白头鹎,XC1106815 - 白头鹎 - Pycnonotus sinensis,357be415e7d56677a30c62d4f1916a6707224831464e5b0b8510f07d8817ef9f,Pycnonotus sinensis_Light-vented Bulbul,白头鹎,123.0
0.106547,129.0,D:\C\Desktop\ai\xykw\data\XC1106815 - 白头鹎 - Pycnonotus sinensis.mp3,白头鹎,XC1106815 - 白头鹎 - Pycnonotus sinensis,357be415e7d56677a30c62d4f1916a6707224831464e5b0b8510f07d8817ef9f,Pycnonotus sinensis_Light-vented Bulbul,白头鹎,126.0
0.231188,132.0,D:\C\Desktop\ai\xykw\data\XC1106815 - 白头鹎 - Pycnonotus sinensis.mp3,白头鹎,XC1106815 - 白头鹎 - Pycnonotus sinensis,357be415e7d56677a30c62d4f1916a6707224831464e5b0b8510f07d8817ef9f,Pycnonotus sinensis_Light-vented Bulbul,白头鹎,129.0
0.701559,135.0,D:\C\Desktop\ai\xykw\data\XC1106815 - 白头鹎 - Pycnonotus sinensis.mp3,白头鹎,XC1106815 - 白头鹎 - Pycnonotus sinensis,357be415e7d56677a30c62d4f1916a6707224831464e5b0b8510f07d8817ef9f,Pycnonotus sinensis_Light-vented Bulbul,白头鹎,132.0
0.965494,138.0,D:\C\Desktop\ai\xykw\data\XC1106815 - 白头鹎 - Pycnonotus sinensis.mp3,白头鹎,XC1106815 - 白头鹎 - Pycnonotus sinensis,357be415e7d56677a30c62d4f1916a6707224831464e5b0b8510f07d8817ef9f,Pycnonotus sinensis_Light-vented Bulbul,白头鹎,135.0
0.318981,141.0,D:\C\Desktop\ai\xykw\data\XC1106815 - 白头鹎 - Pycnonotus sinensis.mp3,白头鹎,XC1106815 - 白头鹎 - Pycnonotus sinensis,357be415e7d56677a30c62d4f1916a6707224831464e5b0b8510f07d8817ef9f,Pycnonotus sinensis_Light-vented Bulbul,白头鹎,138.0
0.940599,144.0,D:\C\Desktop\ai\xykw\data\XC1106815 - 白头鹎 - Pycnonotus sinensis.mp3,白头鹎,XC1106815 - 白头鹎 - Pycnonotus sinensis,357be415e7d56677a30c62d4f1916a6707224831464e5b0b8510f07d8817ef9f,Pycnonotus sinensis_Light-vented Bulbul,白头鹎,141.0
0.705062,150.0,D:\C\Desktop\ai\xykw\data\XC1106815 - 白头鹎 - Pycnonotus sinensis.mp3,白头鹎,XC1106815 - 白头鹎 - Pycnonotus sinensis,357be415e7d56677a30c62d4f1916a6707224831464e5b0b8510f07d8817ef9f,Pycnonotus sinensis_Light-vented Bulbul,白头鹎,147.0
0.650774,153.0,D:\C\Desktop\ai\xykw\data\XC1106815 - 白头鹎 - Pycnonotus sinensis.mp3,白头鹎,XC1106815 - 白头鹎 - Pycnonotus sinensis,357be415e7d56677a30c62d4f1916a6707224831464e5b0b8510f07d8817ef9f,Pycnonotus sinensis_Light-vented Bulbul,白头鹎,150.0
0.909223,156.0,D:\C\Desktop\ai\xykw\data\XC1106815 - 白头鹎 - Pycnonotus sinensis.mp3,白头鹎,XC1106815 - 白头鹎 - Pycnonotus sinensis,357be415e7d56677a30c62d4f1916a6707224831464e5b0b8510f07d8817ef9f,Pycnonotus sinensis_Light-vented Bulbul,白头鹎,153.0
0.757544,162.0,D:\C\Desktop\ai\xykw\data\XC1106815 - 白头鹎 - Pycnonotus sinensis.mp3,白头鹎,XC1106815 - 白头鹎 - Pycnonotus sinensis,357be415e7d56677a30c62d4f1916a6707224831464e5b0b8510f07d8817ef9f,Pycnonotus sinensis_Light-vented Bulbul,白头鹎,159.0
0.750984,165.0,D:\C\Desktop\ai\xykw\data\XC1106815 - 白头鹎 - Pycnonotus sinensis.mp3,白头鹎,XC1106815 - 白头鹎 - Pycnonotus sinensis,357be415e7d56677a30c62d4f1916a6707224831464e5b0b8510f07d8817ef9f,Pycnonotus sinensis_Light-vented Bulbul,白头鹎,162.0
0.709133,168.0,D:\C\Desktop\ai\xykw\data\XC1106815 - 白头鹎 - Pycnonotus sinensis.mp3,白头鹎,XC1106815 - 白头鹎 - Pycnonotus sinensis,357be415e7d56677a30c62d4f1916a6707224831464e5b0b8510f07d8817ef9f,Pycnonotus sinensis_Light-vented Bulbul,白头鹎,165.0
0.273151,171.0,D:\C\Desktop\ai\xykw\data\XC1106815 - 白头鹎 - Pycnonotus sinensis.mp3,白头鹎,XC1106815 - 白头鹎 - Pycnonotus sinensis,357be415e7d56677a30c62d4f1916a6707224831464e5b0b8510f07d8817ef9f,Pycnonotus sinensis_Light-vented Bulbul,白头鹎,168.0
0.888995,180.0,D:\C\Desktop\ai\xykw\data\XC1106815 - 白头鹎 - Pycnonotus sinensis.mp3,白头鹎,XC1106815 - 白头鹎 - Pycnonotus sinensis,357be415e7d56677a30c62d4f1916a6707224831464e5b0b8510f07d8817ef9f,Pycnonotus sinensis_Light-vented Bulbul,白头鹎,177.0
0.10909,186.0,D:\C\Desktop\ai\xykw\data\XC1106815 - 白头鹎 - Pycnonotus sinensis.mp3,白头鹎,XC1106815 - 白头鹎 - Pycnonotus sinensis,357be415e7d56677a30c62d4f1916a6707224831464e5b0b8510f07d8817ef9f,Pycnonotus sinensis_Light-vented Bulbul,白头鹎,183.0
0.119985,189.0,D:\C\Desktop\ai\xykw\data\XC1106815 - 白头鹎 - Pycnonotus sinensis.mp3,白头鹎,XC1106815 - 白头鹎 - Pycnonotus sinensis,357be415e7d56677a30c62d4f1916a6707224831464e5b0b8510f07d8817ef9f,Pycnonotus sinensis_Light-vented Bulbul,白头鹎,186.0
0.088373,195.0,D:\C\Desktop\ai\xykw\data\XC1106815 - 白头鹎 - Pycnonotus sinensis.mp3,白头鹎,XC1106815 - 白头鹎 - Pycnonotus sinensis,357be415e7d56677a30c62d4f1916a6707224831464e5b0b8510f07d8817ef9f,Pycnonotus sinensis_Light-vented Bulbul,白头鹎,192.0
0.663674,198.0,D:\C\Desktop\ai\xykw\data\XC1106815 - 白头鹎 - Pycnonotus sinensis.mp3,白头鹎,XC1106815 - 白头鹎 - Pycnonotus sinensis,357be415e7d56677a30c62d4f1916a6707224831464e5b0b8510f07d8817ef9f,Pycnonotus sinensis_Light-vented Bulbul,白头鹎,195.0
0.932125,204.0,D:\C\Desktop\ai\xykw\data\XC1106815 - 白头鹎 - Pycnonotus sinensis.mp3,白头鹎,XC1106815 - 白头鹎 - Pycnonotus sinensis,357be415e7d56677a30c62d4f1916a6707224831464e5b0b8510f07d8817ef9f,Pycnonotus sinensis_Light-vented Bulbul,白头鹎,201.0
0.944086,210.0,D:\C\Desktop\ai\xykw\data\XC1106815 - 白头鹎 - Pycnonotus sinensis.mp3,白头鹎,XC1106815 - 白头鹎 - Pycnonotus sinensis,357be415e7d56677a30c62d4f1916a6707224831464e5b0b8510f07d8817ef9f,Pycnonotus sinensis_Light-vented Bulbul,白头鹎,207.0
0.718355,211.375,D:\C\Desktop\ai\xykw\data\XC1106815 - 白头鹎 - Pycnonotus sinensis.mp3,白头鹎,XC1106815 - 白头鹎 - Pycnonotus sinensis,357be415e7d56677a30c62d4f1916a6707224831464e5b0b8510f07d8817ef9f,Pycnonotus sinensis_Light-vented Bulbul,白头鹎,210.0
0.124224,18.0,D:\C\Desktop\ai\xykw\data\XC1136970 - 乌鸫 - Turdus mandarinus.mp3,乌鸫,XC1136970 - 乌鸫 - Turdus mandarinus,a389742030032de7763652e5938b9bebe95a68dbcd9a7516b490a819742e5646,Turdus mandarinus_Chinese Blackbird,乌鸫,15.0
0.121716,30.0,D:\C\Desktop\ai\xykw\data\XC1136970 - 乌鸫 - Turdus mandarinus.mp3,乌鸫,XC1136970 - 乌鸫 - Turdus mandarinus,a389742030032de7763652e5938b9bebe95a68dbcd9a7516b490a819742e5646,Turdus mandarinus_Chinese Blackbird,乌鸫,27.0
0.095807,51.0,D:\C\Desktop\ai\xykw\data\XC1136970 - 乌鸫 - Turdus mandarinus.mp3,乌鸫,XC1136970 - 乌鸫 - Turdus mandarinus,a389742030032de7763652e5938b9bebe95a68dbcd9a7516b490a819742e5646,Turdus mandarinus_Chinese Blackbird,乌鸫,48.0
0.295841,60.0,D:\C\Desktop\ai\xykw\data\XC1136970 - 乌鸫 - Turdus mandarinus.mp3,乌鸫,XC1136970 - 乌鸫 - Turdus mandarinus,a389742030032de7763652e5938b9bebe95a68dbcd9a7516b490a819742e5646,Turdus mandarinus_Chinese Blackbird,乌鸫,57.0
0.09453,90.0,D:\C\Desktop\ai\xykw\data\XC1136970 - 乌鸫 - Turdus mandarinus.mp3,乌鸫,XC1136970 - 乌鸫 - Turdus mandarinus,a389742030032de7763652e5938b9bebe95a68dbcd9a7516b490a819742e5646,Turdus mandarinus_Chinese Blackbird,乌鸫,87.0
0.796386,3.0,D:\C\Desktop\ai\xykw\data\XC961570 - 珠颈斑鸠 - Spilopelia chinensis.wav,珠颈斑鸠,XC961570 - 珠颈斑鸠 - Spilopelia chinensis,237616fbbc571e0c633b2dce937d7848c211f8e02b570bfcd52c6f10b3f00135,Streptopelia chinensis_Spotted Dove,珠颈斑鸠,0.0
0.629489,6.0,D:\C\Desktop\ai\xykw\data\XC961570 - 珠颈斑鸠 - Spilopelia chinensis.wav,珠颈斑鸠,XC961570 - 珠颈斑鸠 - Spilopelia chinensis,237616fbbc571e0c633b2dce937d7848c211f8e02b570bfcd52c6f10b3f00135,Streptopelia chinensis_Spotted Dove,珠颈斑鸠,3.0
0.22899,3.0,D:\C\Desktop\ai\xykw\data\XC999942 - 珠颈斑鸠 - Spilopelia chinensis.mp3,珠颈斑鸠,XC999942 - 珠颈斑鸠 - Spilopelia chinensis,acc261154a023463ec5b9adabc725d51548eb4b4c2cac8a8efee00fc2e9a4418,Streptopelia chinensis_Spotted Dove,珠颈斑鸠,0.0
0.103236,6.0,D:\C\Desktop\ai\xykw\data\XC999942 - 珠颈斑鸠 - Spilopelia chinensis.mp3,珠颈斑鸠,XC999942 - 珠颈斑鸠 - Spilopelia chinensis,acc261154a023463ec5b9adabc725d51548eb4b4c2cac8a8efee00fc2e9a4418,Streptopelia chinensis_Spotted Dove,珠颈斑鸠,3.0
0.111762,9.0,D:\C\Desktop\ai\xykw\data\XC999942 - 珠颈斑鸠 - Spilopelia chinensis.mp3,珠颈斑鸠,XC999942 - 珠颈斑鸠 - Spilopelia chinensis,acc261154a023463ec5b9adabc725d51548eb4b4c2cac8a8efee00fc2e9a4418,Streptopelia chinensis_Spotted Dove,珠颈斑鸠,6.0
0.635265,12.0,D:\C\Desktop\ai\xykw\data\XC999942 - 珠颈斑鸠 - Spilopelia chinensis.mp3,珠颈斑鸠,XC999942 - 珠颈斑鸠 - Spilopelia chinensis,acc261154a023463ec5b9adabc725d51548eb4b4c2cac8a8efee00fc2e9a4418,Streptopelia chinensis_Spotted Dove,珠颈斑鸠,9.0
0.132621,15.0,D:\C\Desktop\ai\xykw\data\XC999942 - 珠颈斑鸠 - Spilopelia chinensis.mp3,珠颈斑鸠,XC999942 - 珠颈斑鸠 - Spilopelia chinensis,acc261154a023463ec5b9adabc725d51548eb4b4c2cac8a8efee00fc2e9a4418,Streptopelia chinensis_Spotted Dove,珠颈斑鸠,12.0
0.150358,21.0,D:\C\Desktop\ai\xykw\data\XC999942 - 珠颈斑鸠 - Spilopelia chinensis.mp3,珠颈斑鸠,XC999942 - 珠颈斑鸠 - Spilopelia chinensis,acc261154a023463ec5b9adabc725d51548eb4b4c2cac8a8efee00fc2e9a4418,Streptopelia chinensis_Spotted Dove,珠颈斑鸠,18.0
0.758371,24.0,D:\C\Desktop\ai\xykw\data\XC999942 - 珠颈斑鸠 - Spilopelia chinensis.mp3,珠颈斑鸠,XC999942 - 珠颈斑鸠 - Spilopelia chinensis,acc261154a023463ec5b9adabc725d51548eb4b4c2cac8a8efee00fc2e9a4418,Streptopelia chinensis_Spotted Dove,珠颈斑鸠,21.0
0.560287,27.0,D:\C\Desktop\ai\xykw\data\XC999942 - 珠颈斑鸠 - Spilopelia chinensis.mp3,珠颈斑鸠,XC999942 - 珠颈斑鸠 - Spilopelia chinensis,acc261154a023463ec5b9adabc725d51548eb4b4c2cac8a8efee00fc2e9a4418,Streptopelia chinensis_Spotted Dove,珠颈斑鸠,24.0
0.191445,33.0,D:\C\Desktop\ai\xykw\data\XC999942 - 珠颈斑鸠 - Spilopelia chinensis.mp3,珠颈斑鸠,XC999942 - 珠颈斑鸠 - Spilopelia chinensis,acc261154a023463ec5b9adabc725d51548eb4b4c2cac8a8efee00fc2e9a4418,Streptopelia chinensis_Spotted Dove,珠颈斑鸠,30.0
0.732869,36.0,D:\C\Desktop\ai\xykw\data\XC999942 - 珠颈斑鸠 - Spilopelia chinensis.mp3,珠颈斑鸠,XC999942 - 珠颈斑鸠 - Spilopelia chinensis,acc261154a023463ec5b9adabc725d51548eb4b4c2cac8a8efee00fc2e9a4418,Streptopelia chinensis_Spotted Dove,珠颈斑鸠,33.0
0.318933,42.0,D:\C\Desktop\ai\xykw\data\XC999942 - 珠颈斑鸠 - Spilopelia chinensis.mp3,珠颈斑鸠,XC999942 - 珠颈斑鸠 - Spilopelia chinensis,acc261154a023463ec5b9adabc725d51548eb4b4c2cac8a8efee00fc2e9a4418,Streptopelia chinensis_Spotted Dove,珠颈斑鸠,39.0
0.928649,45.0,D:\C\Desktop\ai\xykw\data\XC999942 - 珠颈斑鸠 - Spilopelia chinensis.mp3,珠颈斑鸠,XC999942 - 珠颈斑鸠 - Spilopelia chinensis,acc261154a023463ec5b9adabc725d51548eb4b4c2cac8a8efee00fc2e9a4418,Streptopelia chinensis_Spotted Dove,珠颈斑鸠,42.0
0.84801,48.0,D:\C\Desktop\ai\xykw\data\XC999942 - 珠颈斑鸠 - Spilopelia chinensis.mp3,珠颈斑鸠,XC999942 - 珠颈斑鸠 - Spilopelia chinensis,acc261154a023463ec5b9adabc725d51548eb4b4c2cac8a8efee00fc2e9a4418,Streptopelia chinensis_Spotted Dove,珠颈斑鸠,45.0
0.74197,51.0,D:\C\Desktop\ai\xykw\data\XC999942 - 珠颈斑鸠 - Spilopelia chinensis.mp3,珠颈斑鸠,XC999942 - 珠颈斑鸠 - Spilopelia chinensis,acc261154a023463ec5b9adabc725d51548eb4b4c2cac8a8efee00fc2e9a4418,Streptopelia chinensis_Spotted Dove,珠颈斑鸠,48.0
0.618091,54.0,D:\C\Desktop\ai\xykw\data\XC999942 - 珠颈斑鸠 - Spilopelia chinensis.mp3,珠颈斑鸠,XC999942 - 珠颈斑鸠 - Spilopelia chinensis,acc261154a023463ec5b9adabc725d51548eb4b4c2cac8a8efee00fc2e9a4418,Streptopelia chinensis_Spotted Dove,珠颈斑鸠,51.0
0.476821,60.0,D:\C\Desktop\ai\xykw\data\XC999942 - 珠颈斑鸠 - Spilopelia chinensis.mp3,珠颈斑鸠,XC999942 - 珠颈斑鸠 - Spilopelia chinensis,acc261154a023463ec5b9adabc725d51548eb4b4c2cac8a8efee00fc2e9a4418,Streptopelia chinensis_Spotted Dove,珠颈斑鸠,57.0
0.750387,63.0,D:\C\Desktop\ai\xykw\data\XC999942 - 珠颈斑鸠 - Spilopelia chinensis.mp3,珠颈斑鸠,XC999942 - 珠颈斑鸠 - Spilopelia chinensis,acc261154a023463ec5b9adabc725d51548eb4b4c2cac8a8efee00fc2e9a4418,Streptopelia chinensis_Spotted Dove,珠颈斑鸠,60.0
0.847971,66.0,D:\C\Desktop\ai\xykw\data\XC999942 - 珠颈斑鸠 - Spilopelia chinensis.mp3,珠颈斑鸠,XC999942 - 珠颈斑鸠 - Spilopelia chinensis,acc261154a023463ec5b9adabc725d51548eb4b4c2cac8a8efee00fc2e9a4418,Streptopelia chinensis_Spotted Dove,珠颈斑鸠,63.0
0.839479,69.0,D:\C\Desktop\ai\xykw\data\XC999942 - 珠颈斑鸠 - Spilopelia chinensis.mp3,珠颈斑鸠,XC999942 - 珠颈斑鸠 - Spilopelia chinensis,acc261154a023463ec5b9adabc725d51548eb4b4c2cac8a8efee00fc2e9a4418,Streptopelia chinensis_Spotted Dove,珠颈斑鸠,66.0
0.702466,72.0,D:\C\Desktop\ai\xykw\data\XC999942 - 珠颈斑鸠 - Spilopelia chinensis.mp3,珠颈斑鸠,XC999942 - 珠颈斑鸠 - Spilopelia chinensis,acc261154a023463ec5b9adabc725d51548eb4b4c2cac8a8efee00fc2e9a4418,Streptopelia chinensis_Spotted Dove,珠颈斑鸠,69.0
0.071134,75.0,D:\C\Desktop\ai\xykw\data\XC999942 - 珠颈斑鸠 - Spilopelia chinensis.mp3,珠颈斑鸠,XC999942 - 珠颈斑鸠 - Spilopelia chinensis,acc261154a023463ec5b9adabc725d51548eb4b4c2cac8a8efee00fc2e9a4418,Streptopelia chinensis_Spotted Dove,珠颈斑鸠,72.0
0.747899,78.0,D:\C\Desktop\ai\xykw\data\XC999942 - 珠颈斑鸠 - Spilopelia chinensis.mp3,珠颈斑鸠,XC999942 - 珠颈斑鸠 - Spilopelia chinensis,acc261154a023463ec5b9adabc725d51548eb4b4c2cac8a8efee00fc2e9a4418,Streptopelia chinensis_Spotted Dove,珠颈斑鸠,75.0
0.907401,81.0,D:\C\Desktop\ai\xykw\data\XC999942 - 珠颈斑鸠 - Spilopelia chinensis.mp3,珠颈斑鸠,XC999942 - 珠颈斑鸠 - Spilopelia chinensis,acc261154a023463ec5b9adabc725d51548eb4b4c2cac8a8efee00fc2e9a4418,Streptopelia chinensis_Spotted Dove,珠颈斑鸠,78.0
0.867076,84.0,D:\C\Desktop\ai\xykw\data\XC999942 - 珠颈斑鸠 - Spilopelia chinensis.mp3,珠颈斑鸠,XC999942 - 珠颈斑鸠 - Spilopelia chinensis,acc261154a023463ec5b9adabc725d51548eb4b4c2cac8a8efee00fc2e9a4418,Streptopelia chinensis_Spotted Dove,珠颈斑鸠,81.0
0.924304,90.0,D:\C\Desktop\ai\xykw\data\XC999942 - 珠颈斑鸠 - Spilopelia chinensis.mp3,珠颈斑鸠,XC999942 - 珠颈斑鸠 - Spilopelia chinensis,acc261154a023463ec5b9adabc725d51548eb4b4c2cac8a8efee00fc2e9a4418,Streptopelia chinensis_Spotted Dove,珠颈斑鸠,87.0
0.956299,93.0,D:\C\Desktop\ai\xykw\data\XC999942 - 珠颈斑鸠 - Spilopelia chinensis.mp3,珠颈斑鸠,XC999942 - 珠颈斑鸠 - Spilopelia chinensis,acc261154a023463ec5b9adabc725d51548eb4b4c2cac8a8efee00fc2e9a4418,Streptopelia chinensis_Spotted Dove,珠颈斑鸠,90.0
0.755132,99.0,D:\C\Desktop\ai\xykw\data\XC999942 - 珠颈斑鸠 - Spilopelia chinensis.mp3,珠颈斑鸠,XC999942 - 珠颈斑鸠 - Spilopelia chinensis,acc261154a023463ec5b9adabc725d51548eb4b4c2cac8a8efee00fc2e9a4418,Streptopelia chinensis_Spotted Dove,珠颈斑鸠,96.0
0.956382,102.0,D:\C\Desktop\ai\xykw\data\XC999942 - 珠颈斑鸠 - Spilopelia chinensis.mp3,珠颈斑鸠,XC999942 - 珠颈斑鸠 - Spilopelia chinensis,acc261154a023463ec5b9adabc725d51548eb4b4c2cac8a8efee00fc2e9a4418,Streptopelia chinensis_Spotted Dove,珠颈斑鸠,99.0
0.849047,105.0,D:\C\Desktop\ai\xykw\data\XC999942 - 珠颈斑鸠 - Spilopelia chinensis.mp3,珠颈斑鸠,XC999942 - 珠颈斑鸠 - Spilopelia chinensis,acc261154a023463ec5b9adabc725d51548eb4b4c2cac8a8efee00fc2e9a4418,Streptopelia chinensis_Spotted Dove,珠颈斑鸠,102.0
0.280045,108.0,D:\C\Desktop\ai\xykw\data\XC999942 - 珠颈斑鸠 - Spilopelia chinensis.mp3,珠颈斑鸠,XC999942 - 珠颈斑鸠 - Spilopelia chinensis,acc261154a023463ec5b9adabc725d51548eb4b4c2cac8a8efee00fc2e9a4418,Streptopelia chinensis_Spotted Dove,珠颈斑鸠,105.0
0.921884,111.0,D:\C\Desktop\ai\xykw\data\XC999942 - 珠颈斑鸠 - Spilopelia chinensis.mp3,珠颈斑鸠,XC999942 - 珠颈斑鸠 - Spilopelia chinensis,acc261154a023463ec5b9adabc725d51548eb4b4c2cac8a8efee00fc2e9a4418,Streptopelia chinensis_Spotted Dove,珠颈斑鸠,108.0
0.824435,114.0,D:\C\Desktop\ai\xykw\data\XC999942 - 珠颈斑鸠 - Spilopelia chinensis.mp3,珠颈斑鸠,XC999942 - 珠颈斑鸠 - Spilopelia chinensis,acc261154a023463ec5b9adabc725d51548eb4b4c2cac8a8efee00fc2e9a4418,Streptopelia chinensis_Spotted Dove,珠颈斑鸠,111.0
0.588441,120.0,D:\C\Desktop\ai\xykw\data\XC999942 - 珠颈斑鸠 - Spilopelia chinensis.mp3,珠颈斑鸠,XC999942 - 珠颈斑鸠 - Spilopelia chinensis,acc261154a023463ec5b9adabc725d51548eb4b4c2cac8a8efee00fc2e9a4418,Streptopelia chinensis_Spotted Dove,珠颈斑鸠,117.0
0.804017,126.0,D:\C\Desktop\ai\xykw\data\XC999942 - 珠颈斑鸠 - Spilopelia chinensis.mp3,珠颈斑鸠,XC999942 - 珠颈斑鸠 - Spilopelia chinensis,acc261154a023463ec5b9adabc725d51548eb4b4c2cac8a8efee00fc2e9a4418,Streptopelia chinensis_Spotted Dove,珠颈斑鸠,123.0
0.867798,132.0,D:\C\Desktop\ai\xykw\data\XC999942 - 珠颈斑鸠 - Spilopelia chinensis.mp3,珠颈斑鸠,XC999942 - 珠颈斑鸠 - Spilopelia chinensis,acc261154a023463ec5b9adabc725d51548eb4b4c2cac8a8efee00fc2e9a4418,Streptopelia chinensis_Spotted Dove,珠颈斑鸠,129.0
0.564224,138.0,D:\C\Desktop\ai\xykw\data\XC999942 - 珠颈斑鸠 - Spilopelia chinensis.mp3,珠颈斑鸠,XC999942 - 珠颈斑鸠 - Spilopelia chinensis,acc261154a023463ec5b9adabc725d51548eb4b4c2cac8a8efee00fc2e9a4418,Streptopelia chinensis_Spotted Dove,珠颈斑鸠,135.0
0.561181,144.0,D:\C\Desktop\ai\xykw\data\XC999942 - 珠颈斑鸠 - Spilopelia chinensis.mp3,珠颈斑鸠,XC999942 - 珠颈斑鸠 - Spilopelia chinensis,acc261154a023463ec5b9adabc725d51548eb4b4c2cac8a8efee00fc2e9a4418,Streptopelia chinensis_Spotted Dove,珠颈斑鸠,141.0
0.472807,147.0,D:\C\Desktop\ai\xykw\data\XC999942 - 珠颈斑鸠 - Spilopelia chinensis.mp3,珠颈斑鸠,XC999942 - 珠颈斑鸠 - Spilopelia chinensis,acc261154a023463ec5b9adabc725d51548eb4b4c2cac8a8efee00fc2e9a4418,Streptopelia chinensis_Spotted Dove,珠颈斑鸠,144.0
0.844554,153.0,D:\C\Desktop\ai\xykw\data\XC999942 - 珠颈斑鸠 - Spilopelia chinensis.mp3,珠颈斑鸠,XC999942 - 珠颈斑鸠 - Spilopelia chinensis,acc261154a023463ec5b9adabc725d51548eb4b4c2cac8a8efee00fc2e9a4418,Streptopelia chinensis_Spotted Dove,珠颈斑鸠,150.0
0.763875,162.0,D:\C\Desktop\ai\xykw\data\XC999942 - 珠颈斑鸠 - Spilopelia chinensis.mp3,珠颈斑鸠,XC999942 - 珠颈斑鸠 - Spilopelia chinensis,acc261154a023463ec5b9adabc725d51548eb4b4c2cac8a8efee00fc2e9a4418,Streptopelia chinensis_Spotted Dove,珠颈斑鸠,159.0
0.842569,165.0,D:\C\Desktop\ai\xykw\data\XC999942 - 珠颈斑鸠 - Spilopelia chinensis.mp3,珠颈斑鸠,XC999942 - 珠颈斑鸠 - Spilopelia chinensis,acc261154a023463ec5b9adabc725d51548eb4b4c2cac8a8efee00fc2e9a4418,Streptopelia chinensis_Spotted Dove,珠颈斑鸠,162.0
0.525772,171.0,D:\C\Desktop\ai\xykw\data\XC999942 - 珠颈斑鸠 - Spilopelia chinensis.mp3,珠颈斑鸠,XC999942 - 珠颈斑鸠 - Spilopelia chinensis,acc261154a023463ec5b9adabc725d51548eb4b4c2cac8a8efee00fc2e9a4418,Streptopelia chinensis_Spotted Dove,珠颈斑鸠,168.0
0.054304,174.0,D:\C\Desktop\ai\xykw\data\XC999942 - 珠颈斑鸠 - Spilopelia chinensis.mp3,珠颈斑鸠,XC999942 - 珠颈斑鸠 - Spilopelia chinensis,acc261154a023463ec5b9adabc725d51548eb4b4c2cac8a8efee00fc2e9a4418,Streptopelia chinensis_Spotted Dove,珠颈斑鸠,171.0
0.533396,180.0,D:\C\Desktop\ai\xykw\data\XC999942 - 珠颈斑鸠 - Spilopelia chinensis.mp3,珠颈斑鸠,XC999942 - 珠颈斑鸠 - Spilopelia chinensis,acc261154a023463ec5b9adabc725d51548eb4b4c2cac8a8efee00fc2e9a4418,Streptopelia chinensis_Spotted Dove,珠颈斑鸠,177.0
