attribution_required,attribution_text,audio_format,audio_subtype,background_labels,birdnet_max_confidence,birdnet_target_detections,birdnet_top_species,bytes,category,category_name_zh,channels,clipping_sample_fraction,codec_stderr,collector_note,commercial_compatible,contains_speech,contains_target_species,current_path,dataset_key,decode_status,downloaded_at,duration_seconds,filename,frames,freesound_id,human_contains_speech,human_contains_target_species,human_final_class,human_review_notes,human_reviewed_at,human_reviewer,human_valid_intervals,indexed_at,intended_use,item_id,label_basis,label_source,license,license_code,license_label,local_path,metadata_bird_terms,metadata_speech_terms,mixture_hint,name,num_downloads,peak_dbfs,preview_kind,preview_sha256,preview_url,primary_label_weak,privacy_risk,provisional_class,quality_flag,quality_read_error,query,read_error,recording_id,review_notes,review_priority,review_reasons,review_recommendation,review_status,reviewed_class,reviewed_primary_label,rms_dbfs,samplerate,sha256,silent_block_fraction,sound_url,source,source_id,source_url,suffix,tags,username,valid_intervals
,,WAV,PCM_16,,0.0,,,11522630,existing_species_recording,既有物种录音,2,0.0,,,,unchecked,non_core_species_filename,D:\C\Desktop\ai\xykw\data\MLU-NF1A_20250401_074200——灰孔雀雉——背景里有橙胸咬鹃.wav,existing,ok,,60.0,MLU-NF1A_20250401_074200——灰孔雀雉——背景里有橙胸咬鹃.wav,2880000,,,,,,,,,2026-07-31T08:36:44.716387+00:00,,existing_0a26af81fd16_213774b6,filename_local,,,UNKNOWN,,D:\C\Desktop\ai\xykw\data\MLU-NF1A_20250401_074200——灰孔雀雉——背景里有橙胸咬鹃.wav,,,True,MLU-NF1A_20250401_074200——灰孔雀雉——背景里有橙胸咬鹃.wav,,-17.707,,,,灰孔雀雉,unknown_needs_listening,mixed_species_review,usable_level_candidate,,,,MLU-NF1A_20250401_074200——灰孔雀雉——背景里有橙胸咬鹃,,1,filename_indicates_mixed_species|license_and_origin_check,listen_before_accept_or_reject,machine_labeled_needs_listening,,,-26.017,48000,0a26af81fd16e062ddaef353967b0dd2cda92ad705e78e6c33b98c84a5a343ef,0.0,,local_or_shared,,,.wav,,,
,,WAV,PCM_24,,0.0,,,35442342,existing_species_recording,既有物种录音,2,0.0,,,,unchecked,non_core_species_filename,D:\C\Desktop\ai\xykw\data\260705_1905——棕胸雅鹛——二重奏，看见，至少包含四种叫声.wav,existing,ok,,123.034292,260705_1905——棕胸雅鹛——二重奏，看见，至少包含四种叫声.wav,5905646,,,,,,,,,2026-07-31T08:36:44.716387+00:00,,existing_0afd773d2037_71021d81,filename_local,,,UNKNOWN,,D:\C\Desktop\ai\xykw\data\260705_1905——棕胸雅鹛——二重奏，看见，至少包含四种叫声.wav,,,True,260705_1905——棕胸雅鹛——二重奏，看见，至少包含四种叫声.wav,,-2.1,,,,棕胸雅鹛,unknown_needs_listening,mixed_species_review,usable_level_candidate,,,,260705_1905——棕胸雅鹛——二重奏，看见，至少包含四种叫声,,1,filename_indicates_mixed_species|license_and_origin_check,listen_before_accept_or_reject,machine_labeled_needs_listening,,,-26.396,48000,0afd773d2037f8c1b324b2ff2781b8b00e328a1ed99e56f3d6dc327fb001eb60,0.0,,local_or_shared,,,.wav,,,
,,WAV,PCM_24,,0.0,,,87880786,existing_species_recording,既有物种录音,2,0.0,,,,unchecked,non_core_species_filename,D:\C\Desktop\ai\xykw\data\251117_0912——白喉短翅鸫——背景里可能有白喉扇尾鹟.wav,existing,ok,,305.127396,251117_0912——白喉短翅鸫——背景里可能有白喉扇尾鹟.wav,14646115,,,,,,,,,2026-07-31T08:36:44.716387+00:00,,existing_1bacc7a801fe_38a95c18,filename_local,,,UNKNOWN,,D:\C\Desktop\ai\xykw\data\251117_0912——白喉短翅鸫——背景里可能有白喉扇尾鹟.wav,,,True,251117_0912——白喉短翅鸫——背景里可能有白喉扇尾鹟.wav,,-8.973,,,,白喉短翅鸫,unknown_needs_listening,mixed_species_review,very_quiet_review,,,,251117_0912——白喉短翅鸫——背景里可能有白喉扇尾鹟,,1,filename_indicates_mixed_species|license_and_origin_check,listen_before_accept_or_reject,machine_labeled_needs_listening,,,-45.991,48000,1bacc7a801fedb5105f77a5cc328205f02d78b3f9f65306f973f7ab670cf7a55,0.783748,,local_or_shared,,,.wav,,,
,,WAV,PCM_24,,0.796386,,珠颈斑鸠,9797632,existing_species_recording,既有物种录音,2,0.0,,,,unchecked,birdnet_supports_filename_needs_listening,D:\C\Desktop\ai\xykw\data\XC961570 - 珠颈斑鸠 - Spilopelia chinensis.wav,existing,ok,,17.002667,XC961570 - 珠颈斑鸠 - Spilopelia chinensis.wav,1632256,,,,,,,,,2026-07-31T08:36:44.716387+00:00,,existing_237616fbbc57_7351034d,filename_xeno_canto,,,UNKNOWN,,D:\C\Desktop\ai\xykw\data\XC961570 - 珠颈斑鸠 - Spilopelia chinensis.wav,,,False,XC961570 - 珠颈斑鸠 - Spilopelia chinensis.wav,,-12.707,,,,珠颈斑鸠,unknown_needs_listening,positive_species_candidate,very_quiet_review,,,,XC961570 - 珠颈斑鸠 - Spilopelia chinensis,,1,core_species_positive_candidate,listen_before_accept_or_reject,machine_labeled_needs_listening,,,-53.772,96000,237616fbbc571e0c633b2dce937d7848c211f8e02b570bfcd52c6f10b3f00135,0.94152,,xeno_canto,XC961570,,.wav,,,
,,MP3,MPEG_LAYER_III,,0.965494,,白头鹎,5080915,existing_species_recording,既有物种录音,2,0.0,,,,unchecked,birdnet_supports_filename_needs_listening,D:\C\Desktop\ai\xykw\data\XC1106815 - 白头鹎 - Pycnonotus sinensis.mp3,existing,ok,,211.426479,XC1106815 - 白头鹎 - Pycnonotus sinensis.mp3,10148471,,,,,,,,,2026-07-31T08:36:44.716387+00:00,,existing_357be415e7d5_e5a1701c,filename_xeno_canto,,,UNKNOWN,,D:\C\Desktop\ai\xykw\data\XC1106815 - 白头鹎 - Pycnonotus sinensis.mp3,,,False,XC1106815 - 白头鹎 - Pycnonotus sinensis.mp3,,-17.509,,,,白头鹎,unknown_needs_listening,positive_species_candidate,sparse_or_silent_review,,,,XC1106815 - 白头鹎 - Pycnonotus sinensis,,1,core_species_positive_candidate,listen_before_accept_or_reject,machine_labeled_needs_listening,,,-43.211,48000,357be415e7d56677a30c62d4f1916a6707224831464e5b0b8510f07d8817ef9f,0.803783,,xeno_canto,XC1106815,,.mp3,,,
,,WAV,PCM_24,,0.0,,,21087412,existing_species_recording,既有物种录音,2,1.4e-07,,,,unchecked,non_core_species_filename,D:\C\Desktop\ai\xykw\data\260404_1104——黄腹鹟莺——背景也有山蓝仙鹟雄鸟.wav,existing,ok,,73.205958,260404_1104——黄腹鹟莺——背景也有山蓝仙鹟雄鸟.wav,3513886,,,,,,,,,2026-07-31T08:36:44.716387+00:00,,existing_6d0f7a1a46f5_38b58e2d,filename_local,,,UNKNOWN,,D:\C\Desktop\ai\xykw\data\260404_1104——黄腹鹟莺——背景也有山蓝仙鹟雄鸟.wav,,,True,260404_1104——黄腹鹟莺——背景也有山蓝仙鹟雄鸟.wav,,0.0,,,,黄腹鹟莺,unknown_needs_listening,mixed_species_review,usable_level_candidate,,,,260404_1104——黄腹鹟莺——背景也有山蓝仙鹟雄鸟,,1,filename_indicates_mixed_species|license_and_origin_check,listen_before_accept_or_reject,machine_labeled_needs_listening,,,-27.363,48000,6d0f7a1a46f54d63279e99cb4c3537cf1ffa9e69df166033863db26f0a413fbb,0.005457,,local_or_shared,,,.wav,,,
,,WAV,PCM_24,,0.0,,珠颈斑鸠,15177934,existing_species_recording,既有物种录音,2,0.0,,,,unchecked,non_core_species_filename,D:\C\Desktop\ai\xykw\data\260110_1015——古铜色卷尾——看见，背景里有黑头穗鹛&白喉扇尾鹟&珠颈斑鸠.wav,existing,ok,,52.686937,260110_1015——古铜色卷尾——看见，背景里有黑头穗鹛&白喉扇尾鹟&珠颈斑鸠.wav,2528973,,,,,,,,,2026-07-31T08:36:44.716387+00:00,,existing_76b2bb8bf0fa_63839512,filename_local,,,UNKNOWN,,D:\C\Desktop\ai\xykw\data\260110_1015——古铜色卷尾——看见，背景里有黑头穗鹛&白喉扇尾鹟&珠颈斑鸠.wav,,,True,260110_1015——古铜色卷尾——看见，背景里有黑头穗鹛&白喉扇尾鹟&珠颈斑鸠.wav,,-1.067,,,,古铜色卷尾,unknown_needs_listening,mixed_species_review,usable_level_candidate,,,,260110_1015——古铜色卷尾——看见，背景里有黑头穗鹛&白喉扇尾鹟&珠颈斑鸠,,1,filename_indicates_mixed_species|license_and_origin_check,listen_before_accept_or_reject,machine_labeled_needs_listening,,,-27.781,48000,76b2bb8bf0fab7d1e847944fb63c16fdeed7e1ced049b1f48a90e943df17e38e,0.01518,,local_or_shared,,,.wav,,,
,,WAV,PCM_24,,0.0,,,15024166,existing_species_recording,既有物种录音,2,0.0,,,,unchecked,non_core_species_filename,D:\C\Desktop\ai\xykw\data\260113_1254——长嘴捕蛛鸟——看见，叫了三次，背景有纯色啄花鸟.wav,existing,ok,,52.153021,260113_1254——长嘴捕蛛鸟——看见，叫了三次，背景有纯色啄花鸟.wav,2503345,,,,,,,,,2026-07-31T08:36:44.716387+00:00,,existing_7a95052ec83d_66395627,filename_local,,,UNKNOWN,,D:\C\Desktop\ai\xykw\data\260113_1254——长嘴捕蛛鸟——看见，叫了三次，背景有纯色啄花鸟.wav,,,True,260113_1254——长嘴捕蛛鸟——看见，叫了三次，背景有纯色啄花鸟.wav,,-0.785,,,,长嘴捕蛛鸟,unknown_needs_listening,mixed_species_review,usable_level_candidate,,,,260113_1254——长嘴捕蛛鸟——看见，叫了三次，背景有纯色啄花鸟,,1,filename_indicates_mixed_species|license_and_origin_check,listen_before_accept_or_reject,machine_labeled_needs_listening,,,-26.186,48000,7a95052ec83d649294b7b243ef68bf0eec15a096d0d274650cc3fa19d5ba6bc7,0.0,,local_or_shared,,,.wav,,,
,,WAV,PCM_24,,0.0,,白头鹎,11376988,existing_species_recording,既有物种录音,2,2.031e-05,,,,unchecked,non_core_species_filename,D:\C\Desktop\ai\xykw\data\260301_0836——赤胸拟啄木鸟——正常节奏，背景里有噪鹃.wav,existing,ok,,39.489208,260301_0836——赤胸拟啄木鸟——正常节奏，背景里有噪鹃.wav,1895482,,,,,,,,,2026-07-31T08:36:44.716387+00:00,,existing_7e90e3adf371_25af8d4e,filename_local,,,UNKNOWN,,D:\C\Desktop\ai\xykw\data\260301_0836——赤胸拟啄木鸟——正常节奏，背景里有噪鹃.wav,,,True,260301_0836——赤胸拟啄木鸟——正常节奏，背景里有噪鹃.wav,,0.0,,,,赤胸拟啄木鸟,unknown_needs_listening,mixed_species_review,usable_level_candidate,,,,260301_0836——赤胸拟啄木鸟——正常节奏，背景里有噪鹃,,1,filename_indicates_mixed_species|license_and_origin_check,listen_before_accept_or_reject,machine_labeled_needs_listening,,,-28.459,48000,7e90e3adf37171a86665c594182a7c65676f1e37c7cfe4213f7d31bb95e6d94a,0.017722,,local_or_shared,,,.wav,,,
,,WAV,PCM_24,,0.99631,,珠颈斑鸠,37981086,existing_species_recording,既有物种录音,2,0.0,,,,unchecked,birdnet_supports_filename_needs_listening,D:\C\Desktop\ai\xykw\data\XC1002930 - 珠颈斑鸠 - Spilopelia chinensis chinensis(1).wav,existing,ok,,131.858042,XC1002930 - 珠颈斑鸠 - Spilopelia chinensis chinensis(1).wav,6329186,,,,,,,,,2026-07-31T08:36:44.716387+00:00,,existing_9a577cf6614f_cc43198f,filename_xeno_canto,,,UNKNOWN,,D:\C\Desktop\ai\xykw\data\XC1002930 - 珠颈斑鸠 - Spilopelia chinensis chinensis(1).wav,,,False,XC1002930 - 珠颈斑鸠 - Spilopelia chinensis chinensis(1).wav,,-3.05,,,,珠颈斑鸠,unknown_needs_listening,positive_species_candidate,usable_level_candidate,,,,XC1002930 - 珠颈斑鸠 - Spilopelia chinensis chinensis(1),,1,core_species_positive_candidate,listen_before_accept_or_reject,machine_labeled_needs_listening,,,-24.154,48000,9a577cf6614f66cada0a3864cfd970eecab09c7b523148f58ffd60d9722600b0,0.021228,,xeno_canto,XC1002930,,.wav,,,
,,MP3,MPEG_LAYER_III,,0.295841,,乌鸫,2876009,existing_species_recording,既有物种录音,2,0.0,,,,unchecked,birdnet_supports_filename_needs_listening,D:\C\Desktop\ai\xykw\data\XC1136970 - 乌鸫 - Turdus mandarinus.mp3,existing,ok,,119.561917,XC1136970 - 乌鸫 - Turdus mandarinus.mp3,5738972,,,,,,,,,2026-07-31T08:36:44.716387+00:00,,existing_a38974203003_05e17d45,filename_xeno_canto,,,UNKNOWN,,D:\C\Desktop\ai\xykw\data\XC1136970 - 乌鸫 - Turdus mandarinus.mp3,,,False,XC1136970 - 乌鸫 - Turdus mandarinus.mp3,,-9.778,,,,乌鸫,unknown_needs_listening,positive_species_candidate,usable_level_candidate,,,,XC1136970 - 乌鸫 - Turdus mandarinus,,1,core_species_positive_candidate,listen_before_accept_or_reject,machine_labeled_needs_listening,,,-39.089,48000,a389742030032de7763652e5938b9bebe95a68dbcd9a7516b490a819742e5646,0.621237,,xeno_canto,XC1136970,,.mp3,,,
,,MP3,MPEG_LAYER_III,,0.956382,,珠颈斑鸠,4483360,existing_species_recording,既有物种录音,2,0.0,,,,unchecked,birdnet_supports_filename_needs_listening,D:\C\Desktop\ai\xykw\data\XC999942 - 珠颈斑鸠 - Spilopelia chinensis.mp3,existing,ok,,186.418813,XC999942 - 珠颈斑鸠 - Spilopelia chinensis.mp3,8948103,,,,,,,,,2026-07-31T08:36:44.716387+00:00,,existing_acc261154a02_86a1defc,filename_xeno_canto,,,UNKNOWN,,D:\C\Desktop\ai\xykw\data\XC999942 - 珠颈斑鸠 - Spilopelia chinensis.mp3,,,False,XC999942 - 珠颈斑鸠 - Spilopelia chinensis.mp3,,-25.027,,,,珠颈斑鸠,unknown_needs_listening,positive_species_candidate,very_quiet_review,,,,XC999942 - 珠颈斑鸠 - Spilopelia chinensis,,1,core_species_positive_candidate,listen_before_accept_or_reject,machine_labeled_needs_listening,,,-51.054,48000,acc261154a023463ec5b9adabc725d51548eb4b4c2cac8a8efee00fc2e9a4418,0.820375,,xeno_canto,XC999942,,.mp3,,,
,,MP3,MPEG_LAYER_III,,0.0,,,66836,existing_species_recording,既有物种录音,2,0.0,,,,unchecked,filename_positive_birdnet_not_confirmed,D:\C\Desktop\ai\xykw\data\XC1136969 - 乌鸫 - Turdus mandarinus.mp3,existing,ok,,2.5045,XC1136969 - 乌鸫 - Turdus mandarinus.mp3,120216,,,,,,,,,2026-07-31T08:36:44.716387+00:00,,existing_d0c22dbaa829_60e8fe2f,filename_xeno_canto,,,UNKNOWN,,D:\C\Desktop\ai\xykw\data\XC1136969 - 乌鸫 - Turdus mandarinus.mp3,,,False,XC1136969 - 乌鸫 - Turdus mandarinus.mp3,,-34.109,,,,乌鸫,unknown_needs_listening,positive_species_candidate,very_quiet_review,,,,XC1136969 - 乌鸫 - Turdus mandarinus,,1,core_species_positive_candidate|birdnet_did_not_confirm_filename_label,listen_before_accept_or_reject,machine_labeled_needs_listening,,,-50.789,48000,d0c22dbaa829f5de872ff889a8066e876cf47bdebe4229093cee7770372d48c3,0.769231,,xeno_canto,XC1136969,,.mp3,,,
,,WAV,PCM_24,,0.0,,,41767326,existing_species_recording,既有物种录音,2,0.0,,,,unchecked,non_core_species_filename,D:\C\Desktop\ai\xykw\data\XC1145570 - 小䴙䴘 - Tachybaptus ruficollis poggei(1).wav,existing,ok,,145.0,XC1145570 - 小䴙䴘 - Tachybaptus ruficollis poggei(1).wav,6960000,,,,,,,,,2026-07-31T08:36:44.716387+00:00,,existing_d1b4b43ea30f_e717a362,filename_xeno_canto,,,UNKNOWN,,D:\C\Desktop\ai\xykw\data\XC1145570 - 小䴙䴘 - Tachybaptus ruficollis poggei(1).wav,,,False,XC1145570 - 小䴙䴘 - Tachybaptus ruficollis poggei(1).wav,,-3.0,,,,小䴙䴘,unknown_needs_listening,positive_species_candidate,usable_level_candidate,,,,XC1145570 - 小䴙䴘 - Tachybaptus ruficollis poggei(1),,1,exact_duplicate_content,listen_before_accept_or_reject,machine_labeled_needs_listening,,,-34.115,48000,d1b4b43ea30f292269c06aff3ca681993cd1a25f8be299ae5ddae3e0591bed06,0.013793,,xeno_canto,XC1145570,,.wav,,,
,,WAV,PCM_24,,0.0,,,41767326,existing_species_recording,既有物种录音,2,0.0,,,,unchecked,non_core_species_filename,D:\C\Desktop\ai\xykw\data\XC1145570 - 小䴙䴘 - Tachybaptus ruficollis poggei (1)(1).wav,existing,ok,,145.0,XC1145570 - 小䴙䴘 - Tachybaptus ruficollis poggei (1)(1).wav,6960000,,,,,,,,,2026-07-31T08:36:44.716387+00:00,,existing_d1b4b43ea30f_f03cea5a,filename_xeno_canto,,,UNKNOWN,,D:\C\Desktop\ai\xykw\data\XC1145570 - 小䴙䴘 - Tachybaptus ruficollis poggei (1)(1).wav,,,False,XC1145570 - 小䴙䴘 - Tachybaptus ruficollis poggei (1)(1).wav,,-3.0,,,,小䴙䴘,unknown_needs_listening,positive_species_candidate,usable_level_candidate,,,,XC1145570 - 小䴙䴘 - Tachybaptus ruficollis poggei (1)(1),,1,exact_duplicate_content,listen_before_accept_or_reject,machine_labeled_needs_listening,,,-34.115,48000,d1b4b43ea30f292269c06aff3ca681993cd1a25f8be299ae5ddae3e0591bed06,0.013793,,xeno_canto,XC1145570,,.wav,,,
,,MP3,MPEG_LAYER_III,,0.0,,,482389,existing_species_recording,既有物种录音,2,0.0,,,,unchecked,filename_positive_birdnet_not_confirmed,D:\C\Desktop\ai\xykw\data\XC1147853 - 乌鸫 - Turdus mandarinus.mp3,existing,ok,,30.084979,XC1147853 - 乌鸫 - Turdus mandarinus.mp3,1444079,,,,,,,,,2026-07-31T08:36:44.716387+00:00,,existing_f25ecbc90288_c2504749,filename_xeno_canto,,,UNKNOWN,,D:\C\Desktop\ai\xykw\data\XC1147853 - 乌鸫 - Turdus mandarinus.mp3,,,False,XC1147853 - 乌鸫 - Turdus mandarinus.mp3,,-1.226,,,,乌鸫,unknown_needs_listening,positive_species_candidate,usable_level_candidate,,,,XC1147853 - 乌鸫 - Turdus mandarinus,,1,core_species_positive_candidate|birdnet_did_not_confirm_filename_label,listen_before_accept_or_reject,machine_labeled_needs_listening,,,-30.841,48000,f25ecbc90288f0deacaccfaacee449d6d20cf1e7550d0c704ac70bb47511e861,0.282392,,xeno_canto,XC1147853,,.mp3,,,
False,Rain Dripping 01.wav by NHumphrey (CC0),,,,0.0,,,,rain_water_park,雨水与公园环境,,0.0,,Public HTML fallback; metadata must be rechecked before publication.,True,unlikely,no_strong_birdnet_evidence,,freesound,ok,2026-07-31T09:10:35.635322+00:00,22.72,,,200972,,,,,,,,,background,freesound_200972,,category_title_tags_heuristic,http://creativecommons.org/publicdomain/zero/1.0/,CC0,Creative Commons 0,data\raw\freesound\previews\rain_water_park\freesound_200972.mp3,,,,Rain Dripping 01.wav,140,-13.29,hq-mp3,b40ec9d6ba284893d64d1530e151c341ce74f4b6e74769220fd9a4ba471514ec,https://cdn.freesound.org/previews/200/200972_3430035-hq.mp3,,low,background_candidate,very_quiet_review,,rain outdoors field-recording -music -loop -synthetic,,,,1,audio_quality_check,listen_before_accept_or_reject,machine_labeled_needs_listening,,,-46.414,48000.0,,0.02193,https://freesound.org/s/200972/,freesound_public_web,,,,Drip|Field-Recording|Light-Rain|Outdoors|Rain|Storm|Water|Weather,NHumphrey,
True,outdoor ambience by daenerys (CC-BY),,,,0.0,,,,distant_traffic,远处交通,,0.0,,Public HTML fallback; metadata must be rechecked before publication.,True,unlikely,no_strong_birdnet_evidence,,freesound,ok,2026-07-31T08:59:56.583534+00:00,45.3888,,,260726,,,,,,,,,background,freesound_260726,,category_title_tags_heuristic,https://creativecommons.org/licenses/by/4.0/,CC-BY,Attribution 4.0,data\raw\freesound\previews\distant_traffic\freesound_260726.mp3,birds,,,outdoor ambience,3285,-18.285,hq-mp3,3c1fb7eb6782397d3758aaa353298e05c8dcc492d06b6acba706a4bb811f0eb1,https://cdn.freesound.org/previews/260/260726_1571715-hq.mp3,,low,background_candidate,very_quiet_review,,distant traffic outdoor ambience field-recording -music -loop,,,,1,audio_quality_check|metadata_mentions_birds,listen_before_accept_or_reject,machine_labeled_needs_listening,,,-46.997,44100.0,,0.004405,https://freesound.org/s/260726/,freesound_public_web,,,,ambience|birds|city|construction|field-recording|nature|outdoors|traffic,daenerys,
False,Leaves in wind.WAV by Sandermotions (CC0),,,,0.0,,,,wind_trees,风与树叶,,0.0,,Public HTML fallback; metadata must be rechecked before publication.,True,unlikely,no_strong_birdnet_evidence,,freesound,ok,2026-07-31T08:57:24.401946+00:00,90.2,,,276294,,,,,,,,,background,freesound_276294,,category_title_tags_heuristic,http://creativecommons.org/publicdomain/zero/1.0/,CC0,Creative Commons 0,data\raw\freesound\previews\wind_trees\freesound_276294.mp3,,,,Leaves in wind.WAV,3921,-23.262,hq-mp3,5681715006aacd28c0b69006773abbecc3f8728309d8831e887400c12b5f1c57,https://cdn.freesound.org/previews/276/276294_1402315-hq.mp3,,low,background_candidate,very_quiet_review,,wind trees leaves field-recording -music -loop -synthetic,,,,1,audio_quality_check,listen_before_accept_or_reject,machine_labeled_needs_listening,,,-51.611,96000.0,,0.866962,https://freesound.org/s/276294/,freesound_public_web,,,,field|forest|leaves|recording|tree|wind,Sandermotions,
False,MUDDY AND WET FOOTSTEPS.wav by Alex_hears_things (CC0),,,,0.057802,黑水鸡:0.057802@18.0-21.0,,,people_footsteps,游客与脚步,,0.0,,Public HTML fallback; metadata must be rechecked before publication.,True,possible,no_strong_birdnet_evidence,,freesound,ok,2026-07-31T09:06:26.725772+00:00,46.1172,,,376809,,,,,,,,,background_privacy_review,freesound_376809,,category_title_tags_heuristic,http://creativecommons.org/publicdomain/zero/1.0/,CC0,Creative Commons 0,data\raw\freesound\previews\people_footsteps\freesound_376809.mp3,,,,MUDDY AND WET FOOTSTEPS.wav,5494,-15.836,hq-mp3,5ac20ef5051c76800d3ee8cf3b2c7335a9486e515b848f5aab97c2f48abb4fe3,https://cdn.freesound.org/previews/376/376809_2309965-hq.mp3,,medium,background_privacy_review,usable_level_candidate,,footsteps outdoor field-recording -music -synthetic,,,,1,privacy_and_speech_check|very_low_confidence_target_species_check,listen_before_accept_or_reject,machine_labeled_needs_listening,,,-44.664,96000.0,,0.099567,https://freesound.org/s/376809/,freesound_public_web,,,,feet|field-recording|foot|footstep|footsteps|grass|hike|hiking|human|mud|nature|outdoor|person|pond|rain|river|shoes|soaked|splodge|squelch|step|steps|storm|swamp|walk|walking|water|wet,Alex_hears_things,
False,Outdoor Footsteps.mp3 by Yin_Yang_Jake007 (CC0),,,,0.0,,,,people_footsteps,游客与脚步,,0.0,[C:\vcpkg\buildtrees\mpg123\src\-66150af195.clean\src\libmpg123\layer3.c:INT123_do_layer3():1880] error: part2_3_length (3904) too large for available bit count (3656) | [C:\vcpkg\buildtrees\mpg123\src\-66150af195.clean\src\libmpg123\layer3.c:INT123_do_layer3():1880] error: part2_3_length (3904) too large for available bit count (3656) | [C:\vcpkg\buildtrees\mpg123\src\-66150af195.clean\src\libmpg123\layer3.c:INT123_do_layer3():1880] error: part2_3_length (3680) too large for available bit count (3656) | [C:\vcpkg\buildtrees\mpg123\src\-66150af195.clean\src\libmpg123\layer3.c:INT123_do_layer3():1880] error: part2_3_length (3840) too large for available bit count (3656),Public HTML fallback; metadata must be rechecked before publication.,True,possible,no_strong_birdnet_evidence,,freesound,decoded_with_codec_warning,2026-07-31T09:06:57.384245+00:00,7.60376,,,415204,,,,,,,,,background_privacy_review,freesound_415204,,category_title_tags_heuristic,http://creativecommons.org/publicdomain/zero/1.0/,CC0,Creative Commons 0,data\raw\freesound\previews\people_footsteps\freesound_415204.mp3,,,,Outdoor Footsteps.mp3,103,-0.425,hq-mp3,7c69baa40d5d7fe1b493eda2b1f225e0dbf82f3bd51afc9f4209af6b9e97ef7f,https://cdn.freesound.org/previews/415/415204_7919598-hq.mp3,,medium,background_privacy_review,usable_level_candidate,,footsteps outdoor field-recording -music -synthetic,,,,1,privacy_and_speech_check|codec_integrity_check,listen_before_accept_or_reject,machine_labeled_needs_listening,,,-29.83,22050.0,,0.077922,https://freesound.org/s/415204/,freesound_public_web,,,,Crunching|Feet|Field-Recording|Footsteps|Gravel|Outdoors|Outside|Path|Shoes|Walking,Yin_Yang_Jake007,
False,Footsteps_Snow_09.wav by MarcMatthewsMusic (CC0),,,,0.0,,,,people_footsteps,游客与脚步,,0.0,,Public HTML fallback; metadata must be rechecked before publication.,True,possible,no_strong_birdnet_evidence,,freesound,ok,2026-07-31T09:06:44.669065+00:00,23.52,,,420555,,,,,,,,,background_privacy_review,freesound_420555,,category_title_tags_heuristic,http://creativecommons.org/publicdomain/zero/1.0/,CC0,Creative Commons 0,data\raw\freesound\previews\people_footsteps\freesound_420555.mp3,,,,Footsteps_Snow_09.wav,472,-25.791,hq-mp3,9152bfd8f92a0817250d892ebcc379174d3c80845c805c54dd731f70481f24c4,https://cdn.freesound.org/previews/420/420555_2481779-hq.mp3,,medium,background_privacy_review,very_quiet_review,,footsteps outdoor field-recording -music -synthetic,,,,1,privacy_and_speech_check|audio_quality_check,listen_before_accept_or_reject,machine_labeled_needs_listening,,,-55.801,48000.0,,0.974576,https://freesound.org/s/420555/,freesound_public_web,,,,feet|field-recording|footsteps|outdoor|snow|walk|walking,MarcMatthewsMusic,
False,walking on dry leaves.wav by troycavas (CC0),,,,0.0,,,,people_footsteps,游客与脚步,,0.0,,Public HTML fallback; metadata must be rechecked before publication.,True,possible,no_strong_birdnet_evidence,,freesound,ok,2026-07-31T09:05:52.799620+00:00,31.0668,,,423377,,,,,,,,,background_privacy_review,freesound_423377,,category_title_tags_heuristic,http://creativecommons.org/publicdomain/zero/1.0/,CC0,Creative Commons 0,data\raw\freesound\previews\people_footsteps\freesound_423377.mp3,,,,walking on dry leaves.wav,808,-1.608,hq-mp3,75d57be02d55e8dcfba69b7dd97ef46a6fe51cc5a748bc8dcd11e568c8a69fd6,https://cdn.freesound.org/previews/423/423377_477218-hq.mp3,,medium,background_privacy_review,usable_level_candidate,,footsteps outdoor field-recording -music -synthetic,,,,1,privacy_and_speech_check,listen_before_accept_or_reject,machine_labeled_needs_listening,,,-34.771,48000.0,,0.228296,https://freesound.org/s/423377/,freesound_public_web,,,,dry|footsteps|leaves|walking,troycavas,
False,radio program footsteps by solarpsychedelic (CC0),,,,0.0,,,,people_footsteps,游客与脚步,,0.0,,Public HTML fallback; metadata must be rechecked before publication.,True,possible,no_strong_birdnet_evidence,,freesound,ok,2026-07-31T09:06:06.157435+00:00,12.6634,,,745820,,,,,,,,,background_privacy_review,freesound_745820,,category_title_tags_heuristic,http://creativecommons.org/publicdomain/zero/1.0/,CC0,Creative Commons 0,data\raw\freesound\previews\people_footsteps\freesound_745820.mp3,,radio,,radio program footsteps,48,-1.512,hq-mp3,190a407b8f71237040233a6088d8da9b3824cf484fe7366e7992dc305732c391,https://cdn.freesound.org/previews/745/745820_8645255-hq.mp3,,medium,background_privacy_review,usable_level_candidate,,footsteps outdoor field-recording -music -synthetic,,,,1,privacy_and_speech_check,listen_before_accept_or_reject,machine_labeled_needs_listening,,,-26.635,48000.0,,0.0,https://freesound.org/s/745820/,freesound_public_web,,,,effects|feet|field-recording|floor|footsteps|fx|outdoor|shoes|sidewalk|sound|steps|walk|walking,solarpsychedelic,
False,Silent forest by ZHR%C3%98 (CC0),,,,0.0,,,,wind_trees,风与树叶,,0.0,,Public HTML fallback; metadata must be rechecked before publication.,True,unlikely,no_strong_birdnet_evidence,,freesound,ok,2026-07-31T08:53:38.834958+00:00,39.4286,,,753418,,,,,,,,,background,freesound_753418,,category_title_tags_heuristic,http://creativecommons.org/publicdomain/zero/1.0/,CC0,Creative Commons 0,data\raw\freesound\previews\wind_trees\freesound_753418.mp3,birds,,,Silent forest,684,-20.359,hq-mp3,c43a195d989a24cf4e9da62eb8bc79f02c5cb4afb9b302275870fed952a9c507,https://cdn.freesound.org/previews/753/753418_10859468-hq.mp3,,low,background_candidate,very_quiet_review,,wind trees leaves field-recording -music -loop -synthetic,,,,1,audio_quality_check|metadata_mentions_birds,listen_before_accept_or_reject,machine_labeled_needs_listening,,,-47.205,96000.0,,0.721519,https://freesound.org/s/753418/,freesound_public_web,,,,ambiance|ambience|ambient|atmosphere|background-sound|birds|field-recording|forest|leaves|loopable|nature|noise|silent|soundscape|trees|white|white-noise|wind,ZHR%C3%98,
True,Footsteps on Foliage - AmbiX_T036_Tr1_4_INV by mjf966 (CC-BY),,,,0.0,,,,people_footsteps,游客与脚步,,0.0,,Public HTML fallback; metadata must be rechecked before publication.,True,possible,no_strong_birdnet_evidence,,freesound,ok,2026-07-31T09:05:33.759954+00:00,66.0,,,761636,,,,,,,,,background_privacy_review,freesound_761636,,category_title_tags_heuristic,https://creativecommons.org/licenses/by/4.0/,CC-BY,Attribution 4.0,data\raw\freesound\previews\people_footsteps\freesound_761636.mp3,,,,Footsteps on Foliage - AmbiX_T036_Tr1_4_INV,58,-5.147,hq-mp3,f7be540ba88ffd82e139fb3d47c85ae8a0ced419a6d9dfe8f226b33ff14a84d9,https://cdn.freesound.org/previews/761/761636_4619827-hq.mp3,,medium,background_privacy_review,usable_level_candidate,,footsteps outdoor field-recording -music -synthetic,,,,1,privacy_and_speech_check,listen_before_accept_or_reject,machine_labeled_needs_listening,,,-41.173,48000.0,,0.051515,https://freesound.org/s/761636/,freesound_public_web,,,,AmbiX|ambisonic|feet|foley|foliage|foot|footstep|footsteps|outdoor|step|steps|walk|walking,mjf966,
True,Calm mumbling crowd with horse drawn carriage hooves and bells by imagefilm.berlin (CC-BY),,,,0.0,,,,people_footsteps,游客与脚步,,0.0,,Public HTML fallback; metadata must be rechecked before publication.,True,possible,no_strong_birdnet_evidence,,freesound,ok,2026-07-31T08:50:26.850021+00:00,62.75,,,763506,,,,,,,,,background_privacy_review,freesound_763506,,category_title_tags_heuristic,https://creativecommons.org/licenses/by/4.0/,CC-BY,Attribution 4.0,data\raw\freesound\previews\people_footsteps\freesound_763506.mp3,,crowd|mumbling|people,,Calm mumbling crowd with horse drawn carriage hooves and bells,596,-8.067,hq-mp3,b1ab22e215d7f211545e51f4ce5e23e2842ae3d66dca35dc30387457a4777962,https://cdn.freesound.org/previews/763/763506_15939706-hq.mp3,,medium,background_privacy_review,usable_level_candidate,,outdoor people footsteps ambience field-recording -music,,,,1,privacy_and_speech_check,listen_before_accept_or_reject,machine_labeled_needs_listening,,,-33.678,48000.0,,0.0,https://freesound.org/s/763506/,freesound_public_web,,,,ambiance|ambience|bell|bells|carriage|crowd|field|footsteps|historical|hooves|horse-drawn|horses|market|mumbling|open|organic|outdoor|people|recording|rural|scene|sounds|soundscape|waiting,imagefilm.berlin,
False,Three People Walking on Concrete – Group Footsteps by ZackSoundLab (CC0),,,,0.0,,,,people_footsteps,游客与脚步,,0.0,,Public HTML fallback; metadata must be rechecked before publication.,True,possible,no_strong_birdnet_evidence,,freesound,ok,2026-07-31T09:03:19.543945+00:00,10.242,,,789609,,,,,,,,,background_privacy_review,freesound_789609,,category_title_tags_heuristic,http://creativecommons.org/publicdomain/zero/1.0/,CC0,Creative Commons 0,data\raw\freesound\previews\people_footsteps\freesound_789609.mp3,,crowd|people,,Three People Walking on Concrete – Group Footsteps,492,-4.472,hq-mp3,845985c17bde3a299674d72b213c9a0b905941ee091a2ce169f4ef5b61f38f80,https://cdn.freesound.org/previews/789/789609_15768996-hq.mp3,,medium,background_privacy_review,usable_level_candidate,,outdoor people footsteps ambience field-recording -music,,,,1,privacy_and_speech_check,listen_before_accept_or_reject,machine_labeled_needs_listening,,,-34.913,48000.0,,0.504854,https://freesound.org/s/789609/,freesound_public_web,,,,ambience|city|concrete|crowd|foley|footsteps|group|movement|outdoor|pavement|shoes|walk|walking,ZackSoundLab,
True,AMBPubl_Public Square 03_KVV AUDIO_FREE by KVV_Audio (CC-BY),,,,0.0,,,,people_footsteps,游客与脚步,,0.0,,Public HTML fallback; metadata must be rechecked before publication.,True,possible,no_strong_birdnet_evidence,,freesound,ok,2026-07-31T09:03:03.955016+00:00,30.0,,,828011,,,,,,,,,background_privacy_review,freesound_828011,,category_title_tags_heuristic,https://creativecommons.org/licenses/by/4.0/,CC-BY,Attribution 4.0,data\raw\freesound\previews\people_footsteps\freesound_828011.mp3,,crowd|people|talking,,AMBPubl_Public Square 03_KVV AUDIO_FREE,90,-9.637,hq-mp3,e287707f6116e3638ec1d85cd1e59dbdf5ad3940003773fd96d63e4bd8c24ff7,https://cdn.freesound.org/previews/828/828011_12846320-hq.mp3,,medium,background_privacy_review,usable_level_candidate,,outdoor people footsteps ambience field-recording -music,,,,1,privacy_and_speech_check,listen_before_accept_or_reject,machine_labeled_needs_listening,,,-28.283,96000.0,,0.0,https://freesound.org/s/828011/,freesound_public_web,,,,Ambience|Atmosphere|Background|City|Crowd|Environment|Footsteps|Outdoor|People|Public|Square|Talking|Urban,KVV_Audio,
False,Camp John Hay - General Ambience by ElevatorFan2020 (CC0),,,,0.0,,,,people_footsteps,游客与脚步,,0.0,,Public HTML fallback; metadata must be rechecked before publication.,True,possible,no_strong_birdnet_evidence,,freesound,ok,2026-07-31T09:03:56.422549+00:00,57.6844,,,842151,,,,,,,,,background_privacy_review,freesound_842151,,category_title_tags_heuristic,http://creativecommons.org/publicdomain/zero/1.0/,CC0,Creative Commons 0,data\raw\freesound\previews\people_footsteps\freesound_842151.mp3,,,,Camp John Hay - General Ambience,62,-7.123,hq-mp3,040a572e3dff352e02da5a06cf88e04d533decaa6ec4366b9375b264e05c37e0,https://cdn.freesound.org/previews/842/842151_14269391-hq.mp3,,medium,background_privacy_review,usable_level_candidate,,outdoor people footsteps ambience field-recording -music,,,,1,privacy_and_speech_check,listen_before_accept_or_reject,machine_labeled_needs_listening,,,-27.736,44100.0,,0.0,https://freesound.org/s/842151/,freesound_public_web,,,,ambience|atmospheric|audio|background|cinematic|design|destination|environment|environmental|forest|game|immersive|location|mixed-use|mobile|natural|nature|outdoor|pine|quiet|recording|scenic|site|sound|sounds|tourist|trees,ElevatorFan2020,
True,man dog carillon city-park Zuiderpark s-Hertogenbosch Netherlands 0853 am 250729_1184 by klankbeeld (CC-BY),,,,0.0,,,,non_target_soundscape,非目标动物与混合声景,,0.0,,Public HTML fallback; metadata must be rechecked before publication.,True,possible,no_strong_birdnet_evidence,,freesound,ok,2026-07-31T09:15:24.173238+00:00,39.0,,,850102,,,,,,,,,unknown_or_mixed_review,freesound_850102,,category_title_tags_heuristic,https://creativecommons.org/licenses/by/4.0/,CC-BY,Attribution 4.0,data\raw\freesound\previews\non_target_soundscape\freesound_850102.mp3,birds,man|people|voice,,man dog carillon city-park Zuiderpark s-Hertogenbosch Netherlands 0853 am 250729_1184,25,-3.906,hq-mp3,220ddd5416e129f9c5ef1f7102c959ed5f69da0c78f9da61baf63aa9dae298ee,https://cdn.freesound.org/previews/850/850102_1648170-hq.mp3,,medium,mixed_or_unknown_candidate,usable_level_candidate,,urban park birds ambience field-recording -music -synthetic,,,,1,privacy_and_speech_check|mixed_soundscape_check|metadata_mentions_birds,listen_before_accept_or_reject,machine_labeled_needs_listening,,,-23.214,48000.0,,0.0,https://freesound.org/s/850102/,freesound_public_web,,,,Holland|Netherlands|ambiance|ambience|ambient|background-sound|birds|carillon|city|city-park|dog|field-recording|garden|general-noise|park|people|suburb|suburban|traffic|village|voice|white-noise,klankbeeld,
False,Light Rain on a Terrace in a Quiet Residential Neighborhood by artemditkovsky (CC0),,,,0.0,,,,distant_traffic,远处交通,,0.0,,Public HTML fallback; metadata must be rechecked before publication.,True,unlikely,no_strong_birdnet_evidence,,freesound,ok,2026-07-31T09:02:15.078798+00:00,55.9091,,,860931,,,,,,,,,background,freesound_860931,,category_title_tags_heuristic,http://creativecommons.org/publicdomain/zero/1.0/,CC0,Creative Commons 0,data\raw\freesound\previews\distant_traffic\freesound_860931.mp3,,,,Light Rain on a Terrace in a Quiet Residential Neighborhood,12,-23.69,hq-mp3,6c15d2db06e606883be9d62a419f579986265b711d71bd1f960065d386ca793b,https://cdn.freesound.org/previews/860/860931_9079786-hq.mp3,,low,background_candidate,very_quiet_review,,distant traffic outdoor ambience field-recording -music -loop,,,,1,audio_quality_check,listen_before_accept_or_reject,machine_labeled_needs_listening,,,-47.026,48000.0,,0.023214,https://freesound.org/s/860931/,freesound_public_web,,,,atmosphere|raindrops|rainfall|relaxation|residential|terrace|urban,artemditkovsky,
,,WAV,PCM_24,,0.0,,,2355368,existing_species_recording,既有物种录音,2,0.0,,,,unchecked,non_core_species_filename,D:\C\Desktop\ai\xykw\data\XC841128 - 白鹭 - Egretta garzetta garzetta.wav,existing,ok,,8.137917,XC841128 - 白鹭 - Egretta garzetta garzetta.wav,390620,,,,,,,,,2026-07-31T08:36:44.716387+00:00,,existing_4ec2f007aa9e_bb85e66f,filename_xeno_canto,,,UNKNOWN,,D:\C\Desktop\ai\xykw\data\XC841128 - 白鹭 - Egretta garzetta garzetta.wav,,,False,XC841128 - 白鹭 - Egretta garzetta garzetta.wav,,-2.991,,,,白鹭,unknown_needs_listening,positive_species_candidate,usable_level_candidate,,,,XC841128 - 白鹭 - Egretta garzetta garzetta,,2,species_label_confirmation,listen_before_accept_or_reject,machine_labeled_needs_listening,,,-27.367,48000,4ec2f007aa9ea474fabac5af90cd238c2a59d35edeb5a7590eb917070e414b53,0.719512,,xeno_canto,XC841128,,.wav,,,
,,WAV,PCM_24,,0.0,,,8163288,existing_species_recording,既有物种录音,2,0.0,,,,unchecked,non_core_species_filename,D:\C\Desktop\ai\xykw\data\260622_1846——褐喉食蜜鸟——清晰A.wav,existing,ok,,28.315354,260622_1846——褐喉食蜜鸟——清晰A.wav,1359137,,,,,,,,,2026-07-31T08:36:44.716387+00:00,,existing_670934cb06fe_b090ca93,filename_local,,,UNKNOWN,,D:\C\Desktop\ai\xykw\data\260622_1846——褐喉食蜜鸟——清晰A.wav,,,False,260622_1846——褐喉食蜜鸟——清晰A.wav,,-2.464,,,,褐喉食蜜鸟,unknown_needs_listening,positive_species_candidate,usable_level_candidate,,,,260622_1846——褐喉食蜜鸟——清晰A,,2,license_and_origin_check,listen_before_accept_or_reject,machine_labeled_needs_listening,,,-27.047,48000,670934cb06fe2406e9c1f91a6713e5b1ebd8e956831df1659312ede5bd747b17,0.0,,local_or_shared,,,.wav,,,
,,WAV,PCM_24,,0.0,,,10605222,existing_species_recording,既有物种录音,2,0.0,,,,unchecked,non_core_species_filename,D:\C\Desktop\ai\xykw\data\260702_1835——白喉红臀鹎——两声和三声，清脆，看见，樟园，B.wav,existing,ok,,36.794292,260702_1835——白喉红臀鹎——两声和三声，清脆，看见，樟园，B.wav,1766126,,,,,,,,,2026-07-31T08:36:44.716387+00:00,,existing_6dee8880cd69_41f8d616,filename_local,,,UNKNOWN,,D:\C\Desktop\ai\xykw\data\260702_1835——白喉红臀鹎——两声和三声，清脆，看见，樟园，B.wav,,,False,260702_1835——白喉红臀鹎——两声和三声，清脆，看见，樟园，B.wav,,-2.686,,,,白喉红臀鹎,unknown_needs_listening,positive_species_candidate,usable_level_candidate,,,,260702_1835——白喉红臀鹎——两声和三声，清脆，看见，樟园，B,,2,license_and_origin_check,listen_before_accept_or_reject,machine_labeled_needs_listening,,,-28.21,48000,6dee8880cd69cdb875c609cab019e680910455c45239b95f84c58d54cc236e32,0.0,,local_or_shared,,,.wav,,,
,,MP3,MPEG_LAYER_III,,0.0,,,1433056,existing_species_recording,既有物种录音,2,0.0,,,,unchecked,non_core_species_filename,D:\C\Desktop\ai\xykw\data\XC734346 - 麻雀 - Passer montanus malaccensis.mp3,existing,ok,,35.648821,XC734346 - 麻雀 - Passer montanus malaccensis.mp3,1572113,,,,,,,,,2026-07-31T08:36:44.716387+00:00,,existing_741d501feddd_244f79cc,filename_xeno_canto,,,UNKNOWN,,D:\C\Desktop\ai\xykw\data\XC734346 - 麻雀 - Passer montanus malaccensis.mp3,,,False,XC734346 - 麻雀 - Passer montanus malaccensis.mp3,,-10.477,,,,麻雀,unknown_needs_listening,positive_species_candidate,usable_level_candidate,,,,XC734346 - 麻雀 - Passer montanus malaccensis,,2,species_label_confirmation,listen_before_accept_or_reject,machine_labeled_needs_listening,,,-40.754,44100,741d501fedddea39940be7f1e2c23616959808357b76dde427dee069e8b866b5,0.358543,,xeno_canto,XC734346,,.mp3,,,
,,WAV,PCM_24,,0.0,,,16549056,existing_species_recording,既有物种录音,2,0.0,,,,unchecked,non_core_species_filename,D:\C\Desktop\ai\xykw\data\260607_1024——白腰鹊鸲——近距离，B.wav,existing,ok,,57.432604,260607_1024——白腰鹊鸲——近距离，B.wav,2756765,,,,,,,,,2026-07-31T08:36:44.716387+00:00,,existing_79f5c82d47f8_287b4024,filename_local,,,UNKNOWN,,D:\C\Desktop\ai\xykw\data\260607_1024——白腰鹊鸲——近距离，B.wav,,,False,260607_1024——白腰鹊鸲——近距离，B.wav,,-0.884,,,,白腰鹊鸲,unknown_needs_listening,positive_species_candidate,usable_level_candidate,,,,260607_1024——白腰鹊鸲——近距离，B,,2,license_and_origin_check,listen_before_accept_or_reject,machine_labeled_needs_listening,,,-25.975,48000,79f5c82d47f849e180fcd504ca2f89360ba68dbb2e97553b8a3367b5663fd2b3,0.0,,local_or_shared,,,.wav,,,
,,WAV,PCM_24,,0.0,,,8535618,existing_species_recording,既有物种录音,2,0.0,,,,unchecked,non_core_species_filename,D:\C\Desktop\ai\xykw\data\260704_1712——褐喉食蜜鸟——苗圃，看见，A.wav,existing,ok,,29.608167,260704_1712——褐喉食蜜鸟——苗圃，看见，A.wav,1421192,,,,,,,,,2026-07-31T08:36:44.716387+00:00,,existing_9e1c88de5045_908c6ccb,filename_local,,,UNKNOWN,,D:\C\Desktop\ai\xykw\data\260704_1712——褐喉食蜜鸟——苗圃，看见，A.wav,,,False,260704_1712——褐喉食蜜鸟——苗圃，看见，A.wav,,-2.005,,,,褐喉食蜜鸟,unknown_needs_listening,positive_species_candidate,usable_level_candidate,,,,260704_1712——褐喉食蜜鸟——苗圃，看见，A,,2,license_and_origin_check,listen_before_accept_or_reject,machine_labeled_needs_listening,,,-22.374,48000,9e1c88de50456f054e530db5f5341e65a0d15c0359cedcaa22213abf5622ae66,0.0,,local_or_shared,,,.wav,,,
,,WAV,PCM_24,,0.0,,,17866164,existing_species_recording,既有物种录音,2,0.0,,,,unchecked,non_core_species_filename,D:\C\Desktop\ai\xykw\data\260606_0923——灰卷尾——婉转叫声.wav,existing,ok,,62.005896,260606_0923——灰卷尾——婉转叫声.wav,2976283,,,,,,,,,2026-07-31T08:36:44.716387+00:00,,existing_a1aaa79d0c20_a4242d15,filename_local,,,UNKNOWN,,D:\C\Desktop\ai\xykw\data\260606_0923——灰卷尾——婉转叫声.wav,,,False,260606_0923——灰卷尾——婉转叫声.wav,,-2.958,,,,灰卷尾,unknown_needs_listening,positive_species_candidate,usable_level_candidate,,,,260606_0923——灰卷尾——婉转叫声,,2,license_and_origin_check,listen_before_accept_or_reject,machine_labeled_needs_listening,,,-23.6,48000,a1aaa79d0c20947082584a5e0dc68faf92c8e5ec0f59ab7b7d73c1eef9ab3e4b,0.0,,local_or_shared,,,.wav,,,
,,WAV,PCM_24,,0.0,,,13663910,existing_species_recording,既有物种录音,2,0.0,,,,unchecked,non_core_species_filename,D:\C\Desktop\ai\xykw\data\2026031918点21分——纯色啄花鸟——两声看见，野菜园.wav,existing,ok,,47.424896,2026031918点21分——纯色啄花鸟——两声看见，野菜园.wav,2276395,,,,,,,,,2026-07-31T08:36:44.716387+00:00,,existing_c0562c1d2a4b_b19b4b01,filename_local,,,UNKNOWN,,D:\C\Desktop\ai\xykw\data\2026031918点21分——纯色啄花鸟——两声看见，野菜园.wav,,,False,2026031918点21分——纯色啄花鸟——两声看见，野菜园.wav,,-3.359,,,,纯色啄花鸟,unknown_needs_listening,positive_species_candidate,usable_level_candidate,,,,2026031918点21分——纯色啄花鸟——两声看见，野菜园,,2,license_and_origin_check,listen_before_accept_or_reject,machine_labeled_needs_listening,,,-28.447,48000,c0562c1d2a4b4a737d2bf380e43f5f678cc07abf72c7e0a1ad1528f5c6c92934,0.0,,local_or_shared,,,.wav,,,
,,WAV,PCM_24,,0.0,,,8722060,existing_species_recording,既有物种录音,2,0.0,,,,unchecked,non_core_species_filename,D:\C\Desktop\ai\xykw\data\XC842808 - 白鹭 - Egretta garzetta garzetta.wav,existing,ok,,30.244438,XC842808 - 白鹭 - Egretta garzetta garzetta.wav,1451733,,,,,,,,,2026-07-31T08:36:44.716387+00:00,,existing_db2a15336142_de0e8e95,filename_xeno_canto,,,UNKNOWN,,D:\C\Desktop\ai\xykw\data\XC842808 - 白鹭 - Egretta garzetta garzetta.wav,,,False,XC842808 - 白鹭 - Egretta garzetta garzetta.wav,,-2.988,,,,白鹭,unknown_needs_listening,positive_species_candidate,usable_level_candidate,,,,XC842808 - 白鹭 - Egretta garzetta garzetta,,2,species_label_confirmation,listen_before_accept_or_reject,machine_labeled_needs_listening,,,-35.795,48000,db2a1533614297e36e783cdaf551b8800e569de6d6119b2cbc724f5fd61c073e,0.128713,,xeno_canto,XC842808,,.wav,,,
,,WAV,PCM_24,,0.0,,,7983688,existing_species_recording,既有物种录音,2,5.26e-06,,,,unchecked,non_core_species_filename,D:\C\Desktop\ai\xykw\data\20260514 12点57分——灰胸山鹪莺——两声，3H_01.wav,existing,ok,,27.698833,20260514 12点57分——灰胸山鹪莺——两声，3H_01.wav,1329544,,,,,,,,,2026-07-31T08:36:44.716387+00:00,,existing_fad9f48e014e_2713ce5b,filename_local,,,UNKNOWN,,D:\C\Desktop\ai\xykw\data\20260514 12点57分——灰胸山鹪莺——两声，3H_01.wav,,,False,20260514 12点57分——灰胸山鹪莺——两声，3H_01.wav,,0.0,,,,灰胸山鹪莺,unknown_needs_listening,positive_species_candidate,usable_level_candidate,,,,20260514 12点57分——灰胸山鹪莺——两声，3H_01,,2,license_and_origin_check,listen_before_accept_or_reject,machine_labeled_needs_listening,,,-23.707,48000,fad9f48e014e557bab6f7e744166104027833eae087d9f5d2e47576ffc6ea98a,0.0,,local_or_shared,,,.wav,,,
True,VNP_thurston_02.wav by volivieri (CC-BY),,,,0.059495,鹊鸲:0.059495@15.0-18.0,,,rain_water_park,雨水与公园环境,,0.0,,Public HTML fallback; metadata must be rechecked before publication.,True,unlikely,no_strong_birdnet_evidence,,freesound,ok,2026-07-31T09:09:27.358836+00:00,40.976,,,173447,,,,,,,,,background,freesound_173447,,category_title_tags_heuristic,https://creativecommons.org/licenses/by/4.0/,CC-BY,Attribution 4.0,data\raw\freesound\previews\rain_water_park\freesound_173447.mp3,bird,,,VNP_thurston_02.wav,181,-1.284,hq-mp3,cdaa7dab555bed9f55b9e4841a326b6fd2d7939cc8daf9d199cd824e87178185,https://cdn.freesound.org/previews/173/173447_374422-hq.mp3,,low,background_candidate,usable_level_candidate,,rain water park ambience field-recording -music -loop,,,,2,very_low_confidence_target_species_check|metadata_mentions_birds,listen_before_accept_or_reject,machine_labeled_needs_listening,,,-32.506,48000.0,,0.041463,https://freesound.org/s/173447/,freesound_public_web,,,,ambience|bird|breeze|cave|chirp|drip|drop|field-recording|morning|rain-forest|woods,volivieri,
True,Hunebed D22 Bronneger.flac by uair01 (CC-BY),,,,0.0,,,,wind_trees,风与树叶,,0.0,,Public HTML fallback; metadata must be rechecked before publication.,True,unlikely,no_strong_birdnet_evidence,,freesound,ok,2026-07-31T08:56:03.370572+00:00,40.8531,,,243881,,,,,,,,,background,freesound_243881,,category_title_tags_heuristic,http://creativecommons.org/licenses/by/3.0/,CC-BY,Attribution 3.0,data\raw\freesound\previews\wind_trees\freesound_243881.mp3,bird,,,Hunebed D22 Bronneger.flac,123,-12.213,hq-mp3,e048a0af841ddcb65c09e7857d5e217fcc3fd719afb3b4151f7ff51950ffab30,https://cdn.freesound.org/previews/243/243881_717853-hq.mp3,,low,background_candidate,usable_level_candidate,,wind trees leaves field-recording -music -loop -synthetic,,,,2,metadata_mentions_birds,shortlist_after_human_spot_check,machine_labeled_needs_listening,,,-31.462,44100.0,,0.00489,https://freesound.org/s/243881/,freesound_public_web,,,,bird|dolmen|farm|field-recording|leaves|machinery|megalith|nature|rustling|silent|tree|wind,uair01,
True,Hunebed D36 Valthe.flac by uair01 (CC-BY),,,,0.0,,,,wind_trees,风与树叶,,0.0,,Public HTML fallback; metadata must be rechecked before publication.,True,unlikely,no_strong_birdnet_evidence,,freesound,ok,2026-07-31T08:55:41.591196+00:00,70.808,,,243883,,,,,,,,,background,freesound_243883,,category_title_tags_heuristic,http://creativecommons.org/licenses/by/3.0/,CC-BY,Attribution 3.0,data\raw\freesound\previews\wind_trees\freesound_243883.mp3,bird,,,Hunebed D36 Valthe.flac,291,-4.911,hq-mp3,92700390cbfed5f9ddb5ab54ac050bf495ebb727a4fef13ddca5ed6ffad6c462,https://cdn.freesound.org/previews/243/243883_717853-hq.mp3,,low,background_candidate,usable_level_candidate,,wind trees leaves field-recording -music -loop -synthetic,,,,2,metadata_mentions_birds,shortlist_after_human_spot_check,machine_labeled_needs_listening,,,-38.375,44100.0,,0.007052,https://freesound.org/s/243883/,freesound_public_web,,,,bird|dolmen|farm|field-recording|leaves|machinery|megalith|nature|rustling|silent|tree|wind,uair01,
False,Exterior Ambiance Parking Lot with birds.wav by JohnsonBrandEditing (CC0),,,,0.0,,,,non_target_soundscape,非目标动物与混合声景,,0.0,,Public HTML fallback; metadata must be rechecked before publication.,True,unlikely,no_strong_birdnet_evidence,,freesound,ok,2026-07-31T09:17:23.861569+00:00,49.6764,,,244311,,,,,,,,,unknown_or_mixed_review,freesound_244311,,category_title_tags_heuristic,http://creativecommons.org/publicdomain/zero/1.0/,CC0,Creative Commons 0,data\raw\freesound\previews\non_target_soundscape\freesound_244311.mp3,birds,,,Exterior Ambiance Parking Lot with birds.wav,1282,-8.699,hq-mp3,7a482aa2c76cf18b3c5bd17c97690610d1dc1a5293a1ba6826f52fc676d9cc75,https://cdn.freesound.org/previews/244/244311_3229685-hq.mp3,,low,mixed_or_unknown_candidate,usable_level_candidate,,urban park birds ambience field-recording -music -synthetic,,,,2,mixed_soundscape_check|metadata_mentions_birds,listen_before_accept_or_reject,machine_labeled_needs_listening,,,-31.804,48000.0,,0.008048,https://freesound.org/s/244311/,freesound_public_web,,,,Ambiance|Ambience|Birds|Exterior|Public|auto|car|cars|lot|parking|urban,JohnsonBrandEditing,
True,Binaural London Fields.aif by Toybox (CC-BY),,,,0.0,,,,non_target_soundscape,非目标动物与混合声景,,0.0,,Public HTML fallback; metadata must be rechecked before publication.,True,unlikely,no_strong_birdnet_evidence,,freesound,ok,2026-07-31T09:15:00.786930+00:00,90.9995,,,262691,,,,,,,,,unknown_or_mixed_review,freesound_262691,,category_title_tags_heuristic,https://creativecommons.org/licenses/by/4.0/,CC-BY,Attribution 4.0,data\raw\freesound\previews\non_target_soundscape\freesound_262691.mp3,birds,,,Binaural London Fields.aif,603,-15.95,hq-mp3,1b345230d31485a0a76d3fa5b1d81f26b3f39d0286e1e9b435bc503d17e02ff5,https://cdn.freesound.org/previews/262/262691_2190378-hq.mp3,,low,mixed_or_unknown_candidate,usable_level_candidate,,urban park birds ambience field-recording -music -synthetic,,,,2,mixed_soundscape_check|metadata_mentions_birds,listen_before_accept_or_reject,machine_labeled_needs_listening,,,-35.106,44100.0,,0.001099,https://freesound.org/s/262691/,freesound_public_web,,,,Ambience|Atmosphere|Binaural|Birds|City|Construction|Field|Field-Recording|Light-Traffic|London|Park|Space|Urban,Toybox,
True,outdoor ambience city quiet distant birds traffic.wav by lwdickens (CC-BY-NC),,,,0.0,,,,distant_traffic,远处交通,,0.0,,Public HTML fallback; metadata must be rechecked before publication.,False,unlikely,no_strong_birdnet_evidence,,freesound,ok,2026-07-31T09:01:32.410883+00:00,35.217,,,269375,,,,,,,,,background,freesound_269375,,category_title_tags_heuristic,https://creativecommons.org/licenses/by-nc/4.0/,CC-BY-NC,Attribution NonCommercial 4.0,data\raw\freesound\previews\distant_traffic\freesound_269375.mp3,birds,,,outdoor ambience city quiet distant birds traffic.wav,1167,-20.367,hq-mp3,62c5f1254e483e4110b05eff6494346d30dd7de6cf33b2785515f298827565a3,https://cdn.freesound.org/previews/269/269375_2663250-hq.mp3,,low,background_candidate,usable_level_candidate,,distant traffic outdoor ambience field-recording -music -loop,,,,2,metadata_mentions_birds|noncommercial_license_check,listen_before_accept_or_reject,machine_labeled_needs_listening,,,-42.117,48000.0,,0.0,https://freesound.org/s/269375/,freesound_public_web,,,,ambiance|birds|cars|city|traffic,lwdickens,
True,Sefton Park by LiquidGravitySound (CC-BY),,,,0.0,,,,non_target_soundscape,非目标动物与混合声景,,0.0,,Public HTML fallback; metadata must be rechecked before publication.,True,unlikely,no_strong_birdnet_evidence,,freesound,ok,2026-07-31T09:18:17.432430+00:00,70.2328,,,459121,,,,,,,,,unknown_or_mixed_review,freesound_459121,,category_title_tags_heuristic,http://creativecommons.org/licenses/by/3.0/,CC-BY,Attribution 3.0,data\raw\freesound\previews\non_target_soundscape\freesound_459121.mp3,birds,,,Sefton Park,129,-3.247,hq-mp3,3a59ec644ce6905c64aab56fe1fa0158a83eb6a496d122ea947aad3681269feb,https://cdn.freesound.org/previews/459/459121_5738084-hq.mp3,,low,mixed_or_unknown_candidate,usable_level_candidate,,urban park birds ambience field-recording -music -synthetic,,,,2,mixed_soundscape_check|metadata_mentions_birds,listen_before_accept_or_reject,machine_labeled_needs_listening,,,-25.457,48000.0,,0.058321,https://freesound.org/s/459121/,freesound_public_web,,,,Sefton|ambience|ambient|birds|city|distant|field-recording|park|traffic|urban,LiquidGravitySound,
True,Crunchy Crisp Rain.WAV by Astounded (CC-BY),,,,0.0,,,,rain_water_park,雨水与公园环境,,3.3e-07,,Public HTML fallback; metadata must be rechecked before publication.,True,unlikely,no_strong_birdnet_evidence,,freesound,ok,2026-07-31T09:11:15.021752+00:00,62.4742,,,521388,,,,,,,,,background,freesound_521388,,category_title_tags_heuristic,https://creativecommons.org/licenses/by/4.0/,CC-BY,Attribution 4.0,data\raw\freesound\previews\rain_water_park\freesound_521388.mp3,birds,,,Crunchy Crisp Rain.WAV,147,0.057,hq-mp3,ede924edb7a4c03eb893468f93cf3b69e5a6f0ac30ff70f0146520a87d7b7de2,https://cdn.freesound.org/previews/521/521388_10201334-hq.mp3,,low,background_candidate,usable_level_candidate,,rain outdoors field-recording -music -loop -synthetic,,,,2,metadata_mentions_birds,shortlist_after_human_spot_check,machine_labeled_needs_listening,,,-29.393,96000.0,,0.0,https://freesound.org/s/521388/,freesound_public_web,,,,Astbury|Drip|Field-Recording|Outdoors|Rain|Storm|Water|Weather|ambient|birds|field-recording|forest|nature|rain-drops|rain-shower|shower|splash|trees,Astounded,
True,Rainy Sunday by the pond.wav by dibko (CC-BY),,,,0.0,,,,rain_water_park,雨水与公园环境,,0.0,,Public HTML fallback; metadata must be rechecked before publication.,True,unlikely,no_strong_birdnet_evidence,,freesound,ok,2026-07-31T08:51:28.064393+00:00,50.5107,,,569803,,,,,,,,,background,freesound_569803,,category_title_tags_heuristic,https://creativecommons.org/licenses/by/4.0/,CC-BY,Attribution 4.0,data\raw\freesound\previews\rain_water_park\freesound_569803.mp3,bird|birds|birdsong,,,Rainy Sunday by the pond.wav,85,-1.457,hq-mp3,b8f9b2d923441450e6329ec68614ce2385c7a0f8f76e0a703dbfcba7bbd396ab,https://cdn.freesound.org/previews/569/569803_10152894-hq.mp3,,low,background_candidate,usable_level_candidate,,rain water park ambience field-recording -music -loop,,,,2,metadata_mentions_birds,shortlist_after_human_spot_check,machine_labeled_needs_listening,,,-26.49,44100.0,,0.0,https://freesound.org/s/569803/,freesound_public_web,,,,ambience|ambient|animal|bird|birds|birdsong|blackcoot|field-recording|forest|nature|pond|rain|raindrops|spring|swan|water|woodpecker,dibko,
False,morning-birds-urban-city-ambience-field-recording.wav by cynthia_1968 (CC0),,,,0.058444,乌鸫:0.058444@48.0-51.0,,,non_target_soundscape,非目标动物与混合声景,,0.0,,Public HTML fallback; metadata must be rechecked before publication.,True,unlikely,no_strong_birdnet_evidence,,freesound,ok,2026-07-31T08:52:00.215141+00:00,59.625,,,578150,,,,,,,,,unknown_or_mixed_review,freesound_578150,,category_title_tags_heuristic,http://creativecommons.org/publicdomain/zero/1.0/,CC0,Creative Commons 0,data\raw\freesound\previews\non_target_soundscape\freesound_578150.mp3,birds,,,morning-birds-urban-city-ambience-field-recording.wav,113,-0.267,hq-mp3,902fa6c0fdf1c13f2b281df3d7f0c6a6d763f5e7e4eda99fef1079d04f814be0,https://cdn.freesound.org/previews/578/578150_1486586-hq.mp3,,low,mixed_or_unknown_candidate,usable_level_candidate,,urban park birds ambience field-recording -music -synthetic,,,,2,very_low_confidence_target_species_check|mixed_soundscape_check|metadata_mentions_birds,listen_before_accept_or_reject,machine_labeled_needs_listening,,,-32.779,48000.0,,0.070352,https://freesound.org/s/578150/,freesound_public_web,,,,ambiance|ambience|ambient|atmosphere|birds|city|field-recording|morning|park|urban,cynthia_1968,
True,calm suburban morning 811 AM NL EU 230514_0606 by klankbeeld (CC-BY),,,,0.0,,,,non_target_soundscape,非目标动物与混合声景,,0.0,,Public HTML fallback; metadata must be rechecked before publication.,True,unlikely,no_strong_birdnet_evidence,,freesound,ok,2026-07-31T09:20:07.564656+00:00,108.067,,,745236,,,,,,,,,unknown_or_mixed_review,freesound_745236,,category_title_tags_heuristic,https://creativecommons.org/licenses/by/4.0/,CC-BY,Attribution 4.0,data\raw\freesound\previews\non_target_soundscape\freesound_745236.mp3,birds,,,calm suburban morning 811 AM NL EU 230514_0606,121,-24.49,hq-mp3,1d6e9b7794ed45cd7540699660be81cd40fe3327af5688ea4ea3f39c5789aa70,https://cdn.freesound.org/previews/745/745236_1648170-hq.mp3,,low,mixed_or_unknown_candidate,usable_level_candidate,,urban park birds ambience field-recording -music -synthetic,,,,2,mixed_soundscape_check|metadata_mentions_birds,listen_before_accept_or_reject,machine_labeled_needs_listening,,,-41.067,48000.0,,0.0,https://freesound.org/s/745236/,freesound_public_web,,,,May|ambience|ambient|atmosphere|atmospheric|background-sound|birds|calm|city|early|echo|echoing|field-recording|general-noise|morning|park|spring|suburb|suburban|town|traffic|urban|white-noise,klankbeeld,
False,Street Village Ambience on a Summer Windy Day by sounds_from_palestine (CC0),,,,0.0,,,,distant_traffic,远处交通,,0.0,,Public HTML fallback; metadata must be rechecked before publication.,True,unlikely,no_strong_birdnet_evidence,,freesound,ok,2026-07-31T08:59:08.364025+00:00,102.0,,,818390,,,,,,,,,background,freesound_818390,,category_title_tags_heuristic,http://creativecommons.org/publicdomain/zero/1.0/,CC0,Creative Commons 0,data\raw\freesound\previews\distant_traffic\freesound_818390.mp3,birds,,,Street Village Ambience on a Summer Windy Day,196,-2.416,hq-mp3,e23336646173ebf400f6087a7d37c5d50441e39d627d25fd7a4788110dbb720a,https://cdn.freesound.org/previews/818/818390_17247322-hq.mp3,,low,background_candidate,usable_level_candidate,,distant traffic outdoor ambience field-recording -music -loop,,,,2,metadata_mentions_birds,shortlist_after_human_spot_check,machine_labeled_needs_listening,,,-38.768,48000.0,,0.008824,https://freesound.org/s/818390/,freesound_public_web,,,,ambience|background|birds|car|celebration|environment|explosion|field-recording|fireworks|hiss|middle-east|noise|outdoor|palestine|pump|rural|soundscape|street|summer|tawjihi|traffic|village|water|windy,sounds_from_palestine,
False,Gentle Ambient Rooftop Crows by SecureSubset (CC0),,,,0.0,,,,non_target_soundscape,非目标动物与混合声景,,0.0,,Public HTML fallback; metadata must be rechecked before publication.,True,unlikely,no_strong_birdnet_evidence,,freesound,ok,2026-07-31T09:18:46.819806+00:00,64.6497,,,840818,,,,,,,,,unknown_or_mixed_review,freesound_840818,,category_title_tags_heuristic,http://creativecommons.org/publicdomain/zero/1.0/,CC0,Creative Commons 0,data\raw\freesound\previews\non_target_soundscape\freesound_840818.mp3,birds|crow|crows,,,Gentle Ambient Rooftop Crows,86,-19.91,hq-mp3,1738017dee9a5952a8db14a9c943af1dfa34d3310ea0ec0fffdb945e835ee39c,https://cdn.freesound.org/previews/840/840818_16752880-hq.mp3,,low,mixed_or_unknown_candidate,usable_level_candidate,,urban park birds ambience field-recording -music -synthetic,,,,2,mixed_soundscape_check|metadata_mentions_birds,listen_before_accept_or_reject,machine_labeled_needs_listening,,,-42.002,96000.0,,0.02473,https://freesound.org/s/840818/,freesound_public_web,,,,Ambience|Birds|Cars|City|Crow|Day|Field-recording|Nature|Park|Peaceful|Road|Urban,SecureSubset,
True,ambient fens Kampina National Park Netherlands 1 pm 260317_0084 by klankbeeld (CC-BY),,,,0.0,,,,rain_water_park,雨水与公园环境,,0.0,,Public HTML fallback; metadata must be rechecked before publication.,True,unlikely,no_strong_birdnet_evidence,,freesound,ok,2026-07-31T09:09:01.441005+00:00,60.0,,,848492,,,,,,,,,background,freesound_848492,,category_title_tags_heuristic,https://creativecommons.org/licenses/by/4.0/,CC-BY,Attribution 4.0,data\raw\freesound\previews\rain_water_park\freesound_848492.mp3,bird|birds|birdsong,,,ambient fens Kampina National Park Netherlands 1 pm 260317_0084,31,-6.612,hq-mp3,e7914eb0740f1c6ad60031d745c7c68f857377e78dac3cd3db94761f48794fd2,https://cdn.freesound.org/previews/848/848492_1648170-hq.mp3,,low,background_candidate,usable_level_candidate,,rain water park ambience field-recording -music -loop,,,,2,metadata_mentions_birds,shortlist_after_human_spot_check,machine_labeled_needs_listening,,,-26.763,48000.0,,0.0,https://freesound.org/s/848492/,freesound_public_web,,,,Kampina|Netherlands|ambient|background-sound|bird|birds|birdsong|fens|field-recording|general-noise|heath|heathland|marsh|marshes|marshland|moorland|moors|park|pond|van-gogh-nationaal-park|white-noise|wind,klankbeeld,
True,church-bell city-park Zuiderpark s-Hertogenbosch Netherlands 0854 am 250729_1184 by klankbeeld (CC-BY),,,,0.0,,,,non_target_soundscape,非目标动物与混合声景,,0.0,,Public HTML fallback; metadata must be rechecked before publication.,True,unlikely,no_strong_birdnet_evidence,,freesound,ok,2026-07-31T09:16:47.490776+00:00,79.0,,,850131,,,,,,,,,unknown_or_mixed_review,freesound_850131,,category_title_tags_heuristic,https://creativecommons.org/licenses/by/4.0/,CC-BY,Attribution 4.0,data\raw\freesound\previews\non_target_soundscape\freesound_850131.mp3,birds,,,church-bell city-park Zuiderpark s-Hertogenbosch Netherlands 0854 am 250729_1184,41,-11.416,hq-mp3,0fcf83e779c42ab95eda4dd8841372e9b7b0155d3e2ec93cc798bca6bf527654,https://cdn.freesound.org/previews/850/850131_1648170-hq.mp3,,low,mixed_or_unknown_candidate,usable_level_candidate,,urban park birds ambience field-recording -music -synthetic,,,,2,mixed_soundscape_check|metadata_mentions_birds,listen_before_accept_or_reject,machine_labeled_needs_listening,,,-26.165,48000.0,,0.0,https://freesound.org/s/850131/,freesound_public_web,,,,Holland|Netherlands|ambiance|ambience|ambient|background-sound|birds|church-bell|city|city-park|field-recording|garden|general-noise|park|suburb|suburban|traffic|village|white-noise,klankbeeld,
True,church-bell city-park Zuiderpark s-Hertogenbosch Netherlands 0901 am 250729_1184 by klankbeeld (CC-BY),,,,0.0,,,,non_target_soundscape,非目标动物与混合声景,,0.0,,Public HTML fallback; metadata must be rechecked before publication.,True,unlikely,no_strong_birdnet_evidence,,freesound,ok,2026-07-31T09:16:12.000583+00:00,120.0,,,850139,,,,,,,,,unknown_or_mixed_review,freesound_850139,,category_title_tags_heuristic,https://creativecommons.org/licenses/by/4.0/,CC-BY,Attribution 4.0,data\raw\freesound\previews\non_target_soundscape\freesound_850139.mp3,birds,,,church-bell city-park Zuiderpark s-Hertogenbosch Netherlands 0901 am 250729_1184,133,-9.624,hq-mp3,0f4b7f4a8de399d6bd3944e925c7ba6eacc5c89c44a0bd057a1a1fa995d3c2e0,https://cdn.freesound.org/previews/850/850139_1648170-hq.mp3,,low,mixed_or_unknown_candidate,usable_level_candidate,,urban park birds ambience field-recording -music -synthetic,,,,2,mixed_soundscape_check|metadata_mentions_birds,listen_before_accept_or_reject,machine_labeled_needs_listening,,,-27.872,48000.0,,0.0,https://freesound.org/s/850139/,freesound_public_web,,,,Holland|Netherlands|ambiance|ambience|ambient|background-sound|birds|church-bell|city|city-park|field-recording|garden|general-noise|park|suburb|suburban|traffic|village|white-noise,klankbeeld,
True,summerday city-park Zuiderpark s-Hertogenbosch Netherlands 0928 am 250729_1184 by klankbeeld (CC-BY),,,,0.0,,,,non_target_soundscape,非目标动物与混合声景,,0.0,,Public HTML fallback; metadata must be rechecked before publication.,True,unlikely,no_strong_birdnet_evidence,,freesound,ok,2026-07-31T09:17:45.683028+00:00,16.0,,,860702,,,,,,,,,unknown_or_mixed_review,freesound_860702,,category_title_tags_heuristic,https://creativecommons.org/licenses/by/4.0/,CC-BY,Attribution 4.0,data\raw\freesound\previews\non_target_soundscape\freesound_860702.mp3,birds,,,summerday city-park Zuiderpark s-Hertogenbosch Netherlands 0928 am 250729_1184,24,-8.592,hq-mp3,8070eace6dc4b8c1c9b4f509141a0132c35750e13037f1c01e013fc620f49692,https://cdn.freesound.org/previews/860/860702_1648170-hq.mp3,,low,mixed_or_unknown_candidate,usable_level_candidate,,urban park birds ambience field-recording -music -synthetic,,,,2,mixed_soundscape_check|metadata_mentions_birds,listen_before_accept_or_reject,machine_labeled_needs_listening,,,-23.643,48000.0,,0.0,https://freesound.org/s/860702/,freesound_public_web,,,,Holland|Netherlands|ambiance|ambience|ambient|background-sound|birds|city|city-park|field-recording|garden|general-noise|suburb|suburban|traffic|village|white-noise,klankbeeld,
False,rain under a umbrella.mp3 by tec_studio (CC0),,,,0.0,,,,rain_water_park,雨水与公园环境,,0.0,,Public HTML fallback; metadata must be rechecked before publication.,True,unlikely,no_strong_birdnet_evidence,,freesound,ok,2026-07-31T09:08:30.669476+00:00,115.737,,,232204,,,,,,,,,background,freesound_232204,,category_title_tags_heuristic,http://creativecommons.org/publicdomain/zero/1.0/,CC0,Creative Commons 0,data\raw\freesound\previews\rain_water_park\freesound_232204.mp3,,,,rain under a umbrella.mp3,184,-1.962,hq-mp3,77c12a02f3c77c6f6cb9db1d17c9a0849ef8143c2aaaf5c21cc279b72d7777fe,https://cdn.freesound.org/previews/232/232204_1431924-hq.mp3,,low,background_candidate,usable_level_candidate,,rain water park ambience field-recording -music -loop,,,,3,routine_spot_check,shortlist_after_human_spot_check,machine_labeled_needs_listening,,,-26.773,44100.0,,0.0,https://freesound.org/s/232204/,freesound_public_web,,,,ambience|ambient|rain|storm|umbrella|water,tec_studio,
True,Hunebed D26 Drouwenerveld.flac by uair01 (CC-BY),,,,0.0,,,,wind_trees,风与树叶,,0.0,,Public HTML fallback; metadata must be rechecked before publication.,True,unlikely,no_strong_birdnet_evidence,,freesound,ok,2026-07-31T08:56:24.648721+00:00,39.1174,,,243880,,,,,,,,,background,freesound_243880,,category_title_tags_heuristic,http://creativecommons.org/licenses/by/3.0/,CC-BY,Attribution 3.0,data\raw\freesound\previews\wind_trees\freesound_243880.mp3,,,,Hunebed D26 Drouwenerveld.flac,159,-17.186,hq-mp3,799ba9bdea5cf0ab0c3f7dd2f4242dada56f6abbf115c9a99c28ebb53a83239e,https://cdn.freesound.org/previews/243/243880_717853-hq.mp3,,low,background_candidate,usable_level_candidate,,wind trees leaves field-recording -music -loop -synthetic,,,,3,routine_spot_check,shortlist_after_human_spot_check,machine_labeled_needs_listening,,,-40.546,44100.0,,0.015306,https://freesound.org/s/243880/,freesound_public_web,,,,dolmen|farm|field-recording|leaves|machinery|megalith|nature|rustling|silent|tree|wind,uair01,
True,Hunebed D18 Rolde.flac by uair01 (CC-BY),,,,0.0,,,,wind_trees,风与树叶,,0.0,,Public HTML fallback; metadata must be rechecked before publication.,True,unlikely,no_strong_birdnet_evidence,,freesound,ok,2026-07-31T08:56:47.665666+00:00,39.4249,,,243882,,,,,,,,,background,freesound_243882,,category_title_tags_heuristic,http://creativecommons.org/licenses/by/3.0/,CC-BY,Attribution 3.0,data\raw\freesound\previews\wind_trees\freesound_243882.mp3,,,,Hunebed D18 Rolde.flac,317,-14.537,hq-mp3,5e6abce47d8c84a94095a15352d0a23bcc800bd683deda32826571e0d9fa9238,https://cdn.freesound.org/previews/243/243882_717853-hq.mp3,,low,background_candidate,usable_level_candidate,,wind trees leaves field-recording -music -loop -synthetic,,,,3,routine_spot_check,shortlist_after_human_spot_check,machine_labeled_needs_listening,,,-38.493,44100.0,,0.012658,https://freesound.org/s/243882/,freesound_public_web,,,,dolmen|field-recording|leaves|megalith|nature|rustling|silent|tree|wind,uair01,
False,"windy winter day, wind in trees, from distance.wav by lwdickens (CC0)",,,,0.0,,,,wind_trees,风与树叶,,0.0,,Public HTML fallback; metadata must be rechecked before publication.,True,unlikely,no_strong_birdnet_evidence,,freesound,ok,2026-07-31T08:48:46.167382+00:00,83.264,,,259968,,,,,,,,,background,freesound_259968,,category_title_tags_heuristic,http://creativecommons.org/publicdomain/zero/1.0/,CC0,Creative Commons 0,data\raw\freesound\previews\wind_trees\freesound_259968.mp3,,,,"windy winter day, wind in trees, from distance.wav",2103,-26.516,hq-mp3,dae9bdd6417c9fba83a5662b8f50bf893442ffb0397dac524a7a783a4bb022df,https://cdn.freesound.org/previews/259/259968_2663250-hq.mp3,,low,background_candidate,usable_level_candidate,,wind trees leaves field-recording -music -loop -synthetic,,,,3,routine_spot_check,shortlist_after_human_spot_check,machine_labeled_needs_listening,,,-43.255,48000.0,,0.006002,https://freesound.org/s/259968/,freesound_public_web,,,,ambient|field-recording|leaves|residential|trees|wind|winter,lwdickens,
False,Strong Wind Recorded with Soundfield Microphone Manchester 2 by keirofinch (CC0),,,,0.0,,,,wind_trees,风与树叶,,0.0,,Public HTML fallback; metadata must be rechecked before publication.,True,unlikely,no_strong_birdnet_evidence,,freesound,ok,2026-07-31T08:53:56.425808+00:00,19.7888,,,376534,,,,,,,,,background,freesound_376534,,category_title_tags_heuristic,http://creativecommons.org/publicdomain/zero/1.0/,CC0,Creative Commons 0,data\raw\freesound\previews\wind_trees\freesound_376534.mp3,,,,Strong Wind Recorded with Soundfield Microphone Manchester 2,1050,-20.094,hq-mp3,2542f7f1fe333b8ab74c65cd59570e77cf75a775cb0bf7e69f4ec21ea7183a95,https://cdn.freesound.org/previews/376/376534_3256739-hq.mp3,,low,background_candidate,usable_level_candidate,,wind trees leaves field-recording -music -loop -synthetic,,,,3,routine_spot_check,shortlist_after_human_spot_check,machine_labeled_needs_listening,,,-36.772,48000.0,,0.0,https://freesound.org/s/376534/,freesound_public_web,,,,ambisonics|blow|blowing|branches|breeze|calrec|desert|foliage|forceful|gale|gust|howling|leaves|nature-sound|recording|soundfield|storm|stormy|strong|tree|trees|wind|windy,keirofinch,
False,rain - drops on porch.wav by Anthousai (CC0),,,,0.0,,,,rain_water_park,雨水与公园环境,,0.0,,Public HTML fallback; metadata must be rechecked before publication.,True,unlikely,no_strong_birdnet_evidence,,freesound,ok,2026-07-31T09:13:56.648178+00:00,30.9911,,,398740,,,,,,,,,background,freesound_398740,,category_title_tags_heuristic,http://creativecommons.org/publicdomain/zero/1.0/,CC0,Creative Commons 0,data\raw\freesound\previews\rain_water_park\freesound_398740.mp3,,,,rain - drops on porch.wav,3559,-2.652,hq-mp3,4e9c8c288479301d0398f5f2102c637e4c13d2c0c3d6865798a903ca02387295,https://cdn.freesound.org/previews/398/398740_5923045-hq.mp3,,low,background_candidate,usable_level_candidate,,rain outdoors field-recording -music -loop -synthetic,,,,3,routine_spot_check,shortlist_after_human_spot_check,machine_labeled_needs_listening,,,-35.02,96000.0,,0.006452,https://freesound.org/s/398740/,freesound_public_web,,,,ambiance|ambience|ambient|atmosphere|dripping|droplet|droplets|drops|field-recording|gloomy|gloomy-weather|gray|grey|nature|outdoors|outside|rain|rain-drops|raindrops|raining|rainy|soundscape|water|weather|wet|wood|wooden,Anthousai,
False,"Ambience - outdoors at night, suburban, with crickets.wav by jodybruchon (CC0)",,,,0.0,,,,distant_traffic,远处交通,,0.0,,Public HTML fallback; metadata must be rechecked before publication.,True,unlikely,no_strong_birdnet_evidence,,freesound,ok,2026-07-31T09:00:14.367723+00:00,26.0,,,459464,,,,,,,,,background,freesound_459464,,category_title_tags_heuristic,http://creativecommons.org/publicdomain/zero/1.0/,CC0,Creative Commons 0,data\raw\freesound\previews\distant_traffic\freesound_459464.mp3,,,,"Ambience - outdoors at night, suburban, with crickets.wav",359,-3.335,hq-mp3,1658cb4cdd34ec1ea3941b370c77dd4beb09d52a2b1c2b6d42455aafbc9d84a7,https://cdn.freesound.org/previews/459/459464_7872308-hq.mp3,,low,background_candidate,usable_level_candidate,,distant traffic outdoor ambience field-recording -music -loop,,,,3,routine_spot_check,shortlist_after_human_spot_check,machine_labeled_needs_listening,,,-21.753,96000.0,,0.0,https://freesound.org/s/459464/,freesound_public_web,,,,ambiance|ambience|ambient|background-sound|crickets|field-recording|foley|general-noise|nature|night|outdoors|suburban,jodybruchon,
False,Outdoors_Night_RainOnRoofing.wav by MrFossy (CC0),,,,0.0,,,,rain_water_park,雨水与公园环境,,0.0,,Public HTML fallback; metadata must be rechecked before publication.,True,unlikely,no_strong_birdnet_evidence,,freesound,ok,2026-07-31T09:13:32.613011+00:00,90.0,,,521841,,,,,,,,,background,freesound_521841,,category_title_tags_heuristic,http://creativecommons.org/publicdomain/zero/1.0/,CC0,Creative Commons 0,data\raw\freesound\previews\rain_water_park\freesound_521841.mp3,,,,Outdoors_Night_RainOnRoofing.wav,136,-12.375,hq-mp3,681b0361e7300d130f47c1b25b0ddc78daf43486603a11aeecaec80feae86aca,https://cdn.freesound.org/previews/521/521841_129727-hq.mp3,,low,background_candidate,usable_level_candidate,,rain outdoors field-recording -music -loop -synthetic,,,,3,routine_spot_check,shortlist_after_human_spot_check,machine_labeled_needs_listening,,,-33.231,96000.0,,0.0,https://freesound.org/s/521841/,freesound_public_web,,,,ambience|corrugated-roofing|field-recording|night|outdoors|rain|suburban,MrFossy,
False,"Glade.Crickets.Trees noise_3(Eq,MSprcssng).wav by newlocknew (CC0)",,,,0.0,,,,wind_trees,风与树叶,,0.0,,Public HTML fallback; metadata must be rechecked before publication.,True,unlikely,no_strong_birdnet_evidence,,freesound,ok,2026-07-31T08:54:24.909123+00:00,60.1094,,,529779,,,,,,,,,background,freesound_529779,,category_title_tags_heuristic,http://creativecommons.org/publicdomain/zero/1.0/,CC0,Creative Commons 0,data\raw\freesound\previews\wind_trees\freesound_529779.mp3,,,,"Glade.Crickets.Trees noise_3(Eq,MSprcssng).wav",157,-19.899,hq-mp3,ed490dc695877cc5583bd57079d835b723378d4c9437738dbfa0012e596070e4,https://cdn.freesound.org/previews/529/529779_5828667-hq.mp3,,low,background_candidate,usable_level_candidate,,wind trees leaves field-recording -music -loop -synthetic,,,,3,routine_spot_check,shortlist_after_human_spot_check,machine_labeled_needs_listening,,,-40.565,48000.0,,0.518272,https://freesound.org/s/529779/,freesound_public_web,,,,ambiance|ambience|atmo|atmos|atmosphere|background|background-sound|clearing|creak|crickets|environment|field-recording|forest|forest-noise|general-noise|glade|leaves|meadow|nature|noise|road|soundscape|trees|trees-noise|wind|woods,newlocknew,
False,Forest Next to Highway by TravieDoodle (CC0),,,,0.0,,,,distant_traffic,远处交通,,0.0,,Public HTML fallback; metadata must be rechecked before publication.,True,unlikely,no_strong_birdnet_evidence,,freesound,ok,2026-07-31T08:59:34.485302+00:00,45.5546,,,569176,,,,,,,,,background,freesound_569176,,category_title_tags_heuristic,http://creativecommons.org/publicdomain/zero/1.0/,CC0,Creative Commons 0,data\raw\freesound\previews\distant_traffic\freesound_569176.mp3,,,,Forest Next to Highway,113,-6.699,hq-mp3,6f6016b0b36e9d4b04681c2a329dc1669bb853bea76ec2d9e63bd95118784cc1,https://cdn.freesound.org/previews/569/569176_6637516-hq.mp3,,low,background_candidate,usable_level_candidate,,distant traffic outdoor ambience field-recording -music -loop,,,,3,routine_spot_check,shortlist_after_human_spot_check,machine_labeled_needs_listening,,,-32.096,44100.0,,0.0,https://freesound.org/s/569176/,freesound_public_web,,,,ambience|cars|field-recording|forest|highway|nature|outdoor|outside|road|traffic,TravieDoodle,
False,Water drips in stairwell.wav by jekyll123 (CC0),,,,0.0,,,,rain_water_park,雨水与公园环境,,0.0,,Public HTML fallback; metadata must be rechecked before publication.,True,unlikely,no_strong_birdnet_evidence,,freesound,ok,2026-07-31T09:07:45.354898+00:00,57.5,,,582921,,,,,,,,,background,freesound_582921,,category_title_tags_heuristic,http://creativecommons.org/publicdomain/zero/1.0/,CC0,Creative Commons 0,data\raw\freesound\previews\rain_water_park\freesound_582921.mp3,,,,Water drips in stairwell.wav,80,-10.164,hq-mp3,9fde9069263fc311c9ee372ac9efdf865c4203ca8b66fffb00bb98aef7ea8aa1,https://cdn.freesound.org/previews/582/582921_7811542-hq.mp3,,low,background_candidate,usable_level_candidate,,rain water park ambience field-recording -music -loop,,,,3,routine_spot_check,shortlist_after_human_spot_check,machine_labeled_needs_listening,,,-41.238,48000.0,,0.022609,https://freesound.org/s/582921/,freesound_public_web,,,,ambiance|ambience|ambient|atmo|atmos|atmosphere|background|background-sound|field-recording|rain|rainfall|soundscape|water,jekyll123,
False,Jet in the sky in the rain by Lumamorph (CC0),,,,0.0,,,,rain_water_park,雨水与公园环境,,0.0,,Public HTML fallback; metadata must be rechecked before publication.,True,unlikely,no_strong_birdnet_evidence,,freesound,ok,2026-07-31T09:12:24.064839+00:00,48.7691,,,636568,,,,,,,,,background,freesound_636568,,category_title_tags_heuristic,http://creativecommons.org/publicdomain/zero/1.0/,CC0,Creative Commons 0,data\raw\freesound\previews\rain_water_park\freesound_636568.mp3,,,,Jet in the sky in the rain,202,-0.241,hq-mp3,796c898635d5e9df8ef89992e0c93ed2da6453ac078a9acdcf4a69e3dc7bc1ef,https://cdn.freesound.org/previews/636/636568_10150854-hq.mp3,,low,background_candidate,usable_level_candidate,,rain outdoors field-recording -music -loop -synthetic,,,,3,routine_spot_check,shortlist_after_human_spot_check,machine_labeled_needs_listening,,,-17.629,88200.0,,0.0,https://freesound.org/s/636568/,freesound_public_web,,,,aeroplane|airbus|aircraft|airplane|ambiance|ambience|ambient|atmosphere|background|boeing|cinematic|droplets|drops|engine|environment|field-recording|flight|flying|jet|nature|noise|outdoor|outdoors|passing|plane|rain|sfx|sound|soundscape|stereo,Lumamorph,
False,windy_120.wav by StephanBrenn (CC0),,,,0.0,,,,wind_trees,风与树叶,,0.0,,Public HTML fallback; metadata must be rechecked before publication.,True,unlikely,no_strong_birdnet_evidence,,freesound,ok,2026-07-31T08:55:07.184059+00:00,110.225,,,656899,,,,,,,,,background,freesound_656899,,category_title_tags_heuristic,http://creativecommons.org/publicdomain/zero/1.0/,CC0,Creative Commons 0,data\raw\freesound\previews\wind_trees\freesound_656899.mp3,,,,windy_120.wav,59,-28.652,hq-mp3,73ff62119b2c6e1541cd9f4177433b8bffa448b3fc76d3873bcd756be8ee8225,https://cdn.freesound.org/previews/656/656899_13145737-hq.mp3,,low,background_candidate,usable_level_candidate,,wind trees leaves field-recording -music -loop -synthetic,,,,3,routine_spot_check,shortlist_after_human_spot_check,machine_labeled_needs_listening,,,-43.649,48000.0,,0.00272,https://freesound.org/s/656899/,freesound_public_web,,,,autumn|field-recording|gust|gusts|gusty|leaves|midnight|nature|stormy|trees|wind|windy,StephanBrenn,
False,Central Heating Boiler Outdoor Hum.wav by ID_23 (CC0),,,,0.0,,,,distant_traffic,远处交通,,0.0,,Public HTML fallback; metadata must be rechecked before publication.,True,unlikely,no_strong_birdnet_evidence,,freesound,ok,2026-07-31T09:01:09.682306+00:00,29.6419,,,680627,,,,,,,,,background,freesound_680627,,category_title_tags_heuristic,http://creativecommons.org/publicdomain/zero/1.0/,CC0,Creative Commons 0,data\raw\freesound\previews\distant_traffic\freesound_680627.mp3,,,,Central Heating Boiler Outdoor Hum.wav,21,-20.834,hq-mp3,7d7f92da951dff7dde1639943b0f7d2aefbca901010337edafe94a000594e8f3,https://cdn.freesound.org/previews/680/680627_2582565-hq.mp3,,low,background_candidate,usable_level_candidate,,distant traffic outdoor ambience field-recording -music -loop,,,,3,routine_spot_check,shortlist_after_human_spot_check,machine_labeled_needs_listening,,,-38.23,48000.0,,0.0,https://freesound.org/s/680627/,freesound_public_web,,,,Urban|ambience|central-heating|city|field-recording|noise,ID_23,
False,"AMB-Night,Distant Traffic,3AM, Lusofona University, Lisbon, Portugal by soundandmelodies (CC0)",,,,0.0,,,,distant_traffic,远处交通,,0.0,,Public HTML fallback; metadata must be rechecked before publication.,True,unlikely,no_strong_birdnet_evidence,,freesound,ok,2026-07-31T09:00:51.286116+00:00,95.9,,,776260,,,,,,,,,background,freesound_776260,,category_title_tags_heuristic,http://creativecommons.org/publicdomain/zero/1.0/,CC0,Creative Commons 0,data\raw\freesound\previews\distant_traffic\freesound_776260.mp3,,,,"AMB-Night,Distant Traffic,3AM, Lusofona University, Lisbon, Portugal",21,-13.161,hq-mp3,5e26de418c6a03b18b182a0399793cf01e92336af33f54fc15d56759414c3284,https://cdn.freesound.org/previews/776/776260_10924423-hq.mp3,,low,background_candidate,usable_level_candidate,,distant traffic outdoor ambience field-recording -music -loop,,,,3,routine_spot_check,shortlist_after_human_spot_check,machine_labeled_needs_listening,,,-39.525,48000.0,,0.061522,https://freesound.org/s/776260/,freesound_public_web,,,,AMB|Distant|Lisbon|Morning|Night|Portugal|Traffic,soundandmelodies,
False,Bus 26 by claravinleb (CC0),,,,0.0,,,,distant_traffic,远处交通,,0.0,,Public HTML fallback; metadata must be rechecked before publication.,True,unlikely,no_strong_birdnet_evidence,,freesound,ok,2026-07-31T09:01:46.970861+00:00,6.07867,,,838794,,,,,,,,,background,freesound_838794,,category_title_tags_heuristic,http://creativecommons.org/publicdomain/zero/1.0/,CC0,Creative Commons 0,data\raw\freesound\previews\distant_traffic\freesound_838794.mp3,,,,Bus 26,13,-1.295,hq-mp3,93e7d1bfb220c20e2b22316b9889cb5b9167019536de353ff057cb51cdd2b393,https://cdn.freesound.org/previews/838/838794_18264704-hq.mp3,,low,background_candidate,usable_level_candidate,,distant traffic outdoor ambience field-recording -music -loop,,,,3,routine_spot_check,shortlist_after_human_spot_check,machine_labeled_needs_listening,,,-17.857,48000.0,,0.0,https://freesound.org/s/838794/,freesound_public_web,,,,bus|transportation|vehicle,claravinleb,
False,"Altenthann – Isolated Bavarian Church Bell at Distance (300 m, Open Window, Post‑Rain Ambience) - 260224_002 by TSP-Talk (CC0)",,,,0.0,,,,distant_traffic,远处交通,,0.0,,Public HTML fallback; metadata must be rechecked before publication.,True,unlikely,no_strong_birdnet_evidence,,freesound,ok,2026-07-31T08:49:52.093358+00:00,25.5075,,,846302,,,,,,,,,background,freesound_846302,,category_title_tags_heuristic,http://creativecommons.org/publicdomain/zero/1.0/,CC0,Creative Commons 0,data\raw\freesound\previews\distant_traffic\freesound_846302.mp3,,,,"Altenthann – Isolated Bavarian Church Bell at Distance (300 m, Open Window, Post‑Rain Ambience) - 260224_002",43,-13.815,hq-mp3,71138c0b8378927f9d92a2cd666ca695766be5d96271b67d5d45a9d053f22730,https://cdn.freesound.org/previews/846/846302_14079354-hq.mp3,,low,background_candidate,usable_level_candidate,,distant traffic outdoor ambience field-recording -music -loop,,,,3,routine_spot_check,shortlist_after_human_spot_check,machine_labeled_needs_listening,,,-37.305,48000.0,,0.050781,https://freesound.org/s/846302/,freesound_public_web,,,,300m|32bit|48khz|altenthann|ambience|bavaria|bell|campanology|church-bell|distance|earthside|environment|germany|harmonic|jecklin-disc|natural|omni|open-window|outdoor|post-rain|quiet|regensburg|religious|residential|resonance|rural|soundscape|village|winter|zoom-f3,TSP-Talk,
